,Marital_Status,Income,Child,Customer_days,Total_Amount,Total_Purchases,Total_offer,cluster_value
0,1,58138.0,0,663,1617,32,1,1
1,1,46344.0,2,113,27,11,0,0
2,0,71613.0,0,312,776,25,0,1
3,0,26646.0,1,139,53,14,0,0
4,0,58293.0,1,161,422,24,0,1
5,0,62513.0,1,293,716,28,0,1
6,1,55635.0,1,593,590,27,0,1
7,0,33454.0,1,417,169,18,0,0
8,0,30351.0,1,388,46,15,1,0
9,0,5648.0,2,108,49,22,1,0
10,0,51381.5,1,226,19,11,0,0
11,0,7500.0,0,593,61,14,0,0
12,1,63033.0,0,226,1102,18,0,1
13,1,59354.0,2,226,310,21,0,1
14,0,17323.0,0,627,46,13,0,0
15,1,82800.0,0,582,1315,29,3,1
16,0,41850.0,2,552,96,17,0,0
17,0,37760.0,0,667,317,20,0,0
18,0,76995.0,1,458,1782,31,1,1
19,1,33812.0,1,603,133,14,0,0
20,0,37040.0,0,690,316,20,0,0
21,0,2447.0,1,539,1730,44,0,0
22,0,58607.0,1,553,972,25,1,1
23,0,65324.0,1,169,544,24,0,1
24,0,40689.0,1,468,444,28,0,0
25,1,18589.0,0,543,75,15,0,0
26,0,53359.0,2,398,257,21,0,1
27,1,51381.5,1,494,637,28,0,0
28,0,38360.0,1,394,131,12,0,0
29,0,84618.0,0,219,1672,28,1,1
30,1,10979.0,0,38,30,13,0,0
31,0,38620.0,0,414,318,14,0,0
32,0,40548.0,1,627,120,14,1,0
33,1,46610.0,2,608,302,23,1,0
34,0,68657.0,0,494,1196,25,0,1
35,1,49389.0,2,304,65,13,0,0
36,0,67353.0,1,180,913,30,0,1
37,0,23718.0,1,300,81,16,0,0
38,1,42429.0,1,138,67,12,0,0
39,1,48948.0,0,513,902,30,2,0
40,0,80011.0,1,426,1395,25,0,1
41,0,20559.0,1,474,53,15,0,0
42,0,21994.0,1,552,22,9,0,0
43,1,51381.5,0,236,186,11,0,0
44,0,7500.0,1,270,31,13,0,0
45,1,79941.0,0,1,984,17,0,1
46,0,7500.0,0,597,122,19,1,0
47,0,41728.0,1,401,55,15,0,0
48,1,51381.5,3,179,124,16,0,0
49,0,72550.0,2,598,1319,36,0,1
50,1,65486.0,1,48,507,19,0,1
51,0,79143.0,0,687,1693,32,0,1
52,1,35790.0,1,543,72,14,0,0
53,1,82582.0,0,22,1617,22,3,1
54,0,66373.0,2,382,606,26,0,1
55,0,82384.0,0,587,1957,28,2,1
56,1,70287.0,0,453,1093,24,1,1
57,1,27938.0,1,62,29,9,0,0
58,1,51381.5,1,377,46,13,0,0
59,0,55954.0,1,118,518,26,0,1
60,1,75777.0,0,360,1438,22,3,1
61,0,66653.0,2,660,612,25,0,1
62,1,61823.0,1,496,884,31,0,1
63,1,67680.0,1,383,606,24,0,1
64,0,70666.0,0,205,1076,20,0,1
65,0,25721.0,1,404,34,12,1,0
66,0,32474.0,2,49,11,11,0,0
67,1,88194.0,1,102,1274,37,3,1
68,0,69096.0,1,275,653,22,0,1
69,0,74854.0,3,447,1562,24,0,1
70,0,66991.0,0,656,1253,24,0,1
71,0,51381.5,1,653,109,17,0,0
72,0,65031.0,1,469,863,37,0,1
73,0,60631.0,2,450,661,31,1,1
74,0,28332.0,0,60,65,10,0,0
75,1,40246.0,1,557,13,10,0,0
76,0,75251.0,0,671,1890,24,1,1
77,1,75825.0,0,625,2209,26,2,1
78,0,26326.0,0,298,18,7,0,0
79,0,56046.0,0,543,692,29,2,1
80,1,29760.0,1,669,165,20,0,0
81,0,26304.0,1,371,16,11,0,0
82,0,23559.0,1,361,79,16,0,0
83,0,38620.0,0,414,318,14,0,0
84,1,81361.0,0,124,778,28,0,1
85,0,29440.0,2,322,56,14,0,0
86,0,36138.0,2,348,151,20,1,0
87,1,50388.0,1,32,372,24,3,0
88,0,79593.0,0,48,1366,21,1,1
89,0,54178.0,1,159,194,12,0,1
90,0,51381.5,3,587,603,38,0,0
91,1,51381.5,2,33,18,11,0,0
92,0,51381.5,0,218,985,16,0,0
93,1,42394.0,1,98,32,12,0,0
94,0,23626.0,1,36,43,15,0,0
95,0,30096.0,1,38,45,12,0,0
96,1,47916.0,1,584,606,28,1,0
97,1,51813.0,2,444,63,14,0,0
98,0,78497.0,0,210,978,27,1,1
99,0,50150.0,0,374,410,21,0,0
100,1,47823.0,1,341,72,15,0,0
101,1,34554.0,1,91,55,13,0,0
102,0,85693.0,1,435,1169,32,0,1
103,0,65846.0,0,408,1120,20,0,1
104,0,87195.0,0,52,1097,21,1,1
105,0,24594.0,1,201,29,10,0,0
106,0,49096.0,2,278,187,20,0,0
107,0,52413.0,2,512,910,32,0,0
108,1,38557.0,1,557,145,16,0,0
109,0,89058.0,0,569,850,16,0,1
110,0,77298.0,1,239,969,27,0,1
111,1,68126.0,0,596,1820,26,2,1
112,0,57288.0,1,4,608,26,1,1
113,1,86037.0,0,543,730,28,3,1
114,0,43974.0,1,564,551,28,0,0
115,1,50785.0,2,292,114,14,0,0
116,0,90765.0,0,156,1724,16,2,1
117,0,36550.0,1,495,577,29,0,0
118,0,30753.0,2,353,81,12,0,0
119,0,21918.0,1,227,33,13,0,0
120,0,56129.0,1,374,660,26,0,1
121,1,32557.0,1,125,80,14,1,0
122,0,19510.0,2,298,30,13,0,0
123,1,30992.0,1,433,43,12,0,0
124,1,101970.0,0,474,1135,29,4,1
125,0,71488.0,0,496,559,17,0,1
126,1,79607.0,0,434,1923,17,1,1
127,0,54348.0,2,21,90,14,0,1
128,0,51381.5,1,353,404,23,0,0
129,0,77376.0,2,50,661,27,0,1
130,0,62998.0,1,272,463,24,0,1
131,1,61331.0,2,476,632,31,0,1
132,0,73448.0,0,139,725,23,0,1
133,0,51381.5,1,322,725,23,0,0
134,0,41551.0,2,319,279,24,0,0
135,0,62981.0,0,469,1482,26,1,1
136,1,9548.0,1,690,29,14,0,0
137,0,33762.0,3,357,106,17,0,0
138,1,35860.0,2,41,49,11,2,0
139,1,36921.0,2,336,38,14,0,0
140,1,92859.0,0,618,2077,24,0,1
141,0,65104.0,1,227,1053,24,1,1
142,0,86111.0,0,436,1385,25,0,1
143,1,68352.0,1,305,871,31,0,1
144,0,41883.0,1,467,312,19,0,0
145,0,59809.0,2,619,877,23,0,1
146,0,23957.0,1,609,68,12,1,0
147,0,38547.0,1,305,22,12,0,0
148,0,35688.0,3,676,211,24,0,0
149,0,49605.0,0,8,127,11,0,0
150,0,59354.0,2,66,459,19,0,1
151,0,65747.0,1,114,460,25,1,1
152,0,46344.0,1,562,429,24,0,0
153,1,34176.0,1,48,89,17,0,0
154,0,61010.0,1,628,1021,31,0,1
155,0,69372.0,0,495,1381,25,3,1
156,1,49967.0,1,356,306,22,0,0
157,1,60199.0,3,290,18,8,0,1
158,0,55375.0,1,255,162,11,0,1
159,1,80317.0,0,313,1231,19,0,1
160,1,30523.0,3,363,13,11,0,0
161,0,70356.0,0,601,1706,33,0,1
162,0,23228.0,1,175,121,19,0,0
163,1,74165.0,0,424,1293,22,0,1
164,0,157243.0,1,120,1608,37,0,1
165,0,43482.0,3,228,88,15,0,0
166,1,62551.0,0,223,421,21,1,1
167,1,52332.0,0,305,259,16,1,0
168,1,66951.0,0,239,1117,16,0,1
169,0,26091.0,2,124,89,14,0,0
170,0,33456.0,2,69,36,13,0,0
171,0,28718.0,1,351,57,15,0,0
172,0,50447.0,2,69,148,14,0,0
173,0,53537.0,2,150,93,13,0,1
174,1,52074.0,1,86,119,11,1,0
175,0,80427.0,1,655,1835,33,0,1
176,0,83837.0,0,560,1318,29,3,1
177,0,38853.0,2,37,45,14,0,0
178,0,38285.0,3,5,10,6,0,0
179,0,78497.0,0,210,978,27,1,1
180,0,51650.0,1,49,191,15,0,0
181,0,16248.0,1,50,57,15,0,0
182,0,66835.0,0,274,1033,26,0,1
183,0,30477.0,1,158,66,12,0,0
184,0,28249.0,0,14,43,12,0,0
185,0,25271.0,1,571,50,14,0,0
186,1,32303.0,1,113,39,12,0,0
187,0,61286.0,1,331,608,23,0,1
188,0,74068.0,0,467,1581,26,0,1
189,0,45759.0,2,491,68,14,0,0
190,0,24882.0,1,658,80,11,1,0
191,0,66973.0,0,408,1282,31,0,1
193,0,38872.0,1,395,91,16,0,0
194,0,51148.0,2,496,315,22,0,0
195,0,31353.0,2,182,31,14,0,0
196,0,69661.0,0,47,834,26,0,1
197,0,80067.0,0,283,1600,19,1,1
198,0,86718.0,0,528,1270,19,0,1
199,1,46854.0,2,90,263,23,2,0
200,1,69142.0,1,0,535,24,1,1
201,1,75922.0,0,202,1295,19,0,1
202,1,63693.0,1,258,1150,35,0,1
203,0,102160.0,0,604,1240,30,4,1
204,1,40637.0,2,347,38,13,0,0
205,1,18890.0,0,596,35,10,2,0
206,0,29604.0,1,203,53,14,1,0
207,1,48721.0,2,412,293,23,0,0
208,0,44794.0,1,21,65,12,0,0
209,1,64497.0,1,657,1804,37,2,1
210,0,46097.0,1,455,241,19,0,0
211,0,77972.0,0,103,1101,21,0,1
212,0,44377.0,2,632,264,27,0,0
213,0,46014.0,2,524,541,33,0,0
214,0,70951.0,0,421,1198,18,0,1
215,0,41443.0,1,89,482,28,0,0
216,1,52195.0,3,48,17,12,0,0
217,0,83790.0,0,226,1615,28,2,1
218,1,44551.0,1,302,285,19,0,0
219,0,69508.0,1,592,1135,34,0,1
220,0,45204.0,1,79,114,10,0,0
221,0,72460.0,0,227,1047,17,0,1
222,0,77622.0,2,76,714,25,0,1
223,0,30732.0,1,540,185,21,0,0
224,1,63887.0,1,659,1245,38,0,1
225,0,42011.0,1,460,189,20,0,0
226,0,51369.0,1,612,576,24,0,0
227,1,51537.0,1,567,1103,26,0,0
228,0,79930.0,0,690,1753,19,0,1
229,0,34320.0,1,133,17,12,0,0
230,1,37070.0,2,466,433,30,1,0
231,1,81975.0,1,540,1588,21,1,1
232,0,38590.0,1,410,22,12,0,0
233,1,15033.0,0,74,19,8,0,0
234,0,62745.0,1,463,1117,34,0,1
235,0,22212.0,1,202,69,14,0,0
236,0,23661.0,1,207,23,12,0,0
237,1,79761.0,1,268,605,22,0,1
238,1,7500.0,1,185,57,18,0,0
240,1,73455.0,0,244,2088,25,1,1
241,0,64961.0,1,553,1009,19,0,1
242,1,22804.0,1,333,26,14,0,0
243,0,73687.0,0,213,1627,24,2,1
244,0,61074.0,1,681,1102,38,0,1
245,0,31686.0,2,24,17,12,0,0
246,0,80134.0,1,405,1690,22,4,1
247,0,75027.0,1,536,1390,26,0,1
248,0,67546.0,0,667,2126,23,0,1
249,0,65176.0,1,608,1531,31,0,1
250,1,31160.0,1,286,64,15,0,0
251,1,29938.0,1,245,26,12,0,0
252,1,102692.0,0,450,1112,31,5,1
253,0,26490.0,0,645,210,17,0,0
254,0,75702.0,2,669,1148,34,0,1
255,1,30899.0,1,624,33,12,0,0
256,0,63342.0,1,621,1101,25,1,1
257,1,45989.0,1,615,322,19,0,0
258,1,18701.0,2,390,44,15,0,0
259,1,40737.0,3,203,17,12,0,0
260,1,15287.0,1,627,31,13,2,0
261,1,69674.0,2,403,845,30,0,1
262,0,44159.0,1,12,275,20,0,0
263,0,37717.0,1,583,25,13,0,0
264,0,43776.0,2,511,275,25,1,0
265,0,38179.0,2,472,90,18,0,0
266,0,80124.0,0,3,1495,20,1,1
267,0,38097.0,2,622,184,18,2,0
268,0,72940.0,0,375,981,14,0,1
269,0,22070.0,1,268,67,14,0,0
270,1,69267.0,0,645,1635,21,1,1
271,1,31788.0,1,101,60,15,0,0
272,0,61905.0,1,145,231,17,0,1
273,0,29315.0,2,84,48,16,0,0
274,1,33378.0,2,508,99,16,0,0
275,0,66313.0,1,286,770,27,0,1
276,1,60714.0,0,528,957,28,1,1
277,0,77882.0,0,60,818,13,0,1
278,1,69867.0,0,453,925,18,2,1
279,1,63841.0,1,434,908,28,0,1
280,0,24480.0,1,503,102,17,0,0
281,0,51369.0,1,612,576,24,0,0
282,0,37760.0,0,667,317,20,0,0
283,0,65640.0,1,120,461,17,0,1
284,0,44319.0,2,73,37,12,0,0
285,0,30631.0,1,352,70,14,0,0
286,0,75278.0,0,516,930,26,0,1
287,0,50898.0,2,537,859,38,0,0
288,1,79946.0,0,48,1478,25,0,1
289,1,35416.0,0,381,390,24,0,0
290,0,32414.0,0,360,52,12,1,0
291,0,38361.0,1,184,137,17,0,0
292,0,82497.0,0,606,1919,23,1,1
293,0,16626.0,2,165,68,18,0,0
294,0,29672.0,2,474,25,10,0,0
295,0,55951.0,1,675,1374,31,2,1
296,1,35388.0,1,479,32,12,0,0
297,0,42386.0,1,532,100,15,0,0
298,1,68627.0,0,533,825,13,0,1
299,1,57912.0,1,104,916,33,1,1
300,1,35246.0,2,74,62,16,0,0
301,0,58821.0,1,260,728,27,0,1
302,0,46377.0,1,120,90,11,0,0
303,1,39747.0,1,77,273,21,0,0
304,0,23976.0,1,184,66,17,0,0
305,0,80950.0,0,458,1213,25,1,1
306,1,27038.0,0,649,107,16,1,0
307,1,77457.0,0,116,1157,19,1,1
308,0,64100.0,1,292,546,25,1,1
309,0,42670.0,0,428,241,15,0,0
310,1,12571.0,1,162,53,17,0,0
311,0,22574.0,3,244,37,14,0,0
312,0,51381.5,0,391,1611,27,2,0
313,1,70893.0,0,508,1508,26,0,1
314,0,54198.0,2,194,235,20,0,1
315,0,28839.0,2,110,32,12,0,0
316,0,40321.0,2,335,102,15,0,0
317,1,66503.0,1,684,401,18,0,1
318,0,30833.0,2,348,28,11,0,0
319,1,51381.5,3,310,1052,28,2,0
320,0,64795.0,1,528,680,23,0,1
321,0,34421.0,1,363,30,11,0,0
322,1,47025.0,2,140,20,11,0,0
323,1,64325.0,1,507,1307,30,0,1
324,1,40464.0,1,534,630,32,0,0
325,0,62187.0,0,359,1283,21,0,1
326,1,14849.0,1,362,65,17,0,0
327,0,27255.0,1,234,37,12,0,0
328,0,54432.0,3,416,38,9,0,1
329,1,29999.0,1,501,160,20,0,0
330,1,24072.0,1,439,23,12,0,0
331,1,33996.0,0,291,71,10,0,0
332,0,66334.0,1,452,1161,24,1,1
333,0,35178.0,1,535,59,12,2,0
334,0,22010.0,1,364,33,15,0,0
335,1,62204.0,2,655,946,25,0,1
336,1,75693.0,0,570,1442,26,4,1
337,0,30675.0,1,594,62,13,0,0
338,0,83003.0,0,483,1674,25,2,1
340,1,68655.0,0,688,1538,24,0,1
341,1,41411.0,0,204,139,14,0,0
342,0,55212.0,1,583,1182,28,2,1
343,0,59292.0,1,381,507,21,0,1
344,0,27190.0,1,318,18,12,2,0
345,1,82623.0,0,231,940,17,0,1
346,0,44300.0,2,371,42,12,0,0
347,1,84835.0,0,13,1190,16,1,1
348,1,30372.0,2,551,44,15,0,0
349,0,33181.0,1,177,16,10,1,0
350,0,71113.0,1,194,835,30,0,1
351,0,71952.0,1,535,1443,26,2,1
352,1,69759.0,0,244,1029,21,1,1
353,0,72099.0,0,610,1188,19,0,1
354,1,60000.0,1,554,1277,30,0,1
355,1,38643.0,2,212,49,14,0,0
356,0,50737.0,1,414,99,13,1,0
357,0,68462.0,0,564,1670,16,0,1
358,0,65073.0,0,313,900,16,0,1
359,0,46681.0,2,264,425,21,0,0
360,0,78618.0,0,639,2153,24,1,1
361,1,62187.0,1,99,636,25,0,1
362,0,28442.0,2,125,57,14,0,0
363,0,37717.0,1,583,25,13,0,0
364,0,51479.0,2,548,494,29,0,0
365,1,54803.0,1,677,693,23,0,1
366,0,79530.0,0,408,1348,28,0,1
367,1,31615.0,1,470,51,14,0,0
368,0,72025.0,0,589,1932,19,0,1
369,1,52614.0,1,575,990,24,0,0
370,0,35684.0,1,68,30,11,0,0
371,0,48178.0,2,609,254,24,0,0
372,1,29548.0,1,304,29,9,1,0
373,1,63810.0,1,595,1371,31,1,1
374,1,38578.0,2,372,73,17,1,0
375,1,46098.0,2,680,120,19,0,0
376,1,22585.0,0,468,81,14,2,0
377,1,30279.0,1,546,37,13,0,0
378,0,66426.0,1,270,1377,26,0,1
379,1,30822.0,1,380,51,12,0,0
380,0,33581.0,2,537,17,12,0,0
381,0,19986.0,1,227,22,11,0,0
382,1,27421.0,0,564,324,21,0,0
383,0,35688.0,3,676,211,24,0,0
384,1,36143.0,1,91,19,7,0,0
385,1,10245.0,1,410,41,13,0,0
386,0,43795.0,1,256,492,24,2,0
387,0,63381.0,1,632,1005,28,0,1
388,0,38823.0,1,668,114,13,0,0
389,1,83664.0,2,417,1173,24,0,1
390,0,90300.0,0,177,1738,20,1,1
391,0,62499.0,1,202,222,16,0,1
392,1,74293.0,0,56,1127,18,0,1
393,0,51012.0,0,437,209,16,0,0
394,0,70777.0,1,124,787,26,0,1
395,0,68682.0,0,266,1598,26,0,1
396,0,43824.0,2,652,186,20,0,0
397,0,15345.0,1,667,47,14,1,0
398,1,23442.0,1,552,27,12,0,0
399,0,14515.0,1,597,96,18,1,0
400,1,31395.0,2,463,64,16,0,0
401,0,75276.0,0,640,1040,28,0,1
402,1,42373.0,2,318,163,18,0,0
403,0,30507.0,0,475,343,18,0,0
404,1,55521.0,3,250,446,31,2,1
405,0,48006.0,2,20,41,11,0,0
406,1,27213.0,1,668,70,17,1,0
407,1,65808.0,2,30,272,20,0,1
408,0,30351.0,1,388,46,15,0,0
409,0,50437.0,2,620,490,26,0,0
410,1,23616.0,1,589,79,16,1,0
411,0,53858.0,1,597,915,21,0,1
412,0,66465.0,1,456,1485,41,1,1
413,1,46923.0,1,676,369,23,0,0
414,0,75072.0,1,522,1073,22,0,1
415,0,75865.0,0,90,1242,20,0,1
416,0,19789.0,1,221,78,14,1,0
417,0,80134.0,0,135,1378,26,4,1
418,1,91065.0,0,492,1474,29,3,1
419,0,49505.0,2,481,751,37,0,0
420,0,37401.0,1,54,48,14,0,0
421,0,30096.0,1,38,45,12,0,0
422,0,18492.0,1,24,10,12,0,0
423,0,82584.0,0,390,1435,17,3,1
424,0,93027.0,0,442,2119,24,1,1
425,0,48686.0,3,207,20,12,0,0
426,0,92910.0,0,66,1795,28,3,1
427,0,75433.0,1,85,1188,25,2,1
428,0,10404.0,1,56,43,12,0,0
429,0,61314.0,1,430,1008,27,0,1
430,1,84865.0,0,416,1688,20,5,1
431,0,42387.0,1,608,684,29,0,0
432,0,67309.0,2,522,1082,46,0,1
433,0,75236.0,1,216,1068,29,0,1
434,1,30015.0,1,147,57,12,0,0
435,0,50943.0,1,373,46,10,0,0
436,1,67272.0,1,190,733,28,0,1
437,1,51529.0,1,295,467,25,0,0
438,0,32011.0,1,311,122,17,0,0
439,0,7500.0,1,507,36,15,0,0
440,0,28691.0,1,360,34,13,0,0
441,0,56223.0,1,191,156,14,0,1
442,0,18100.0,0,327,14,9,0,0
443,1,30279.0,1,546,37,13,0,0
444,0,20130.0,0,104,34,13,0,0
445,1,23295.0,0,351,20,12,0,0
446,1,42618.0,1,263,192,19,0,0
447,1,81246.0,0,182,1379,18,2,1
448,0,24027.0,1,385,48,15,0,0
449,0,55707.0,1,189,428,19,0,1
450,1,57959.0,1,423,868,30,0,1
451,0,56796.0,1,498,1001,34,0,1
452,1,36230.0,1,255,59,12,0,0
453,0,70829.0,2,210,431,19,0,1
454,0,65991.0,1,660,971,34,0,1
455,0,38988.0,3,678,348,27,0,0
456,1,89572.0,0,652,2059,28,3,1
457,0,42207.0,1,454,265,20,2,0
458,0,50300.0,1,35,270,15,0,0
459,0,66664.0,0,642,1289,22,0,1
460,0,60597.0,1,179,893,23,2,1
461,1,70165.0,0,280,926,23,0,1
462,1,50520.0,1,152,135,15,0,0
463,0,80124.0,0,3,1495,20,1,1
464,0,33183.0,1,125,120,16,0,0
465,1,66582.0,0,118,1288,21,0,1
466,0,75261.0,0,432,1743,19,3,1
467,1,31880.0,1,606,15,12,0,0
468,0,53790.0,2,115,542,26,0,1
469,0,49269.0,1,683,890,32,0,0
470,0,61456.0,1,459,1388,37,0,1
471,0,37406.0,1,262,17,12,1,0
472,0,56937.0,1,694,906,36,2,1
473,0,38415.0,2,543,44,13,0,0
474,1,20518.0,1,42,25,10,0,0
475,0,62503.0,1,496,973,31,0,1
476,1,41644.0,2,51,31,9,0,0
477,0,55842.0,1,37,518,22,0,1
478,0,62010.0,1,614,530,24,0,1
479,0,41124.0,1,606,506,29,0,0
480,0,38961.0,1,181,70,13,0,0
481,1,37760.0,1,322,54,12,0,0
482,1,32233.0,1,679,296,21,2,0
483,0,43057.0,1,242,266,20,0,0
484,0,83151.0,0,627,747,22,0,1
485,1,78825.0,0,653,895,32,1,1
486,0,65104.0,1,227,1053,24,0,1
487,0,60093.0,1,368,735,27,0,1
488,0,14045.0,1,154,20,12,0,0
489,1,28457.0,0,609,205,18,0,0
490,0,78952.0,1,643,2092,27,0,1
491,1,46310.0,1,573,309,22,0,0
492,0,76005.0,0,492,1722,28,1,1
493,1,58308.0,1,533,900,23,0,1
494,1,55614.0,0,214,682,27,1,1
495,1,59432.0,1,442,663,27,0,1
496,1,55563.0,1,85,43,9,0,1
497,0,78642.0,1,434,1816,24,0,1
498,0,67911.0,1,38,976,30,0,1
499,0,65275.0,0,452,746,23,0,1
500,0,27203.0,2,692,64,14,0,0
501,0,48330.0,1,226,32,10,0,0
502,0,24279.0,0,547,263,17,0,0
503,0,64355.0,1,674,1445,29,0,1
504,0,50943.0,1,373,46,10,0,0
505,1,53653.0,0,599,1210,34,0,1
506,0,65665.0,1,209,945,27,0,1
507,1,81217.0,0,345,1157,23,0,1
508,0,34935.0,0,373,137,15,0,0
509,1,61250.0,1,560,730,30,0,1
510,0,39665.0,1,400,216,19,1,0
511,1,60152.0,1,458,943,26,0,1
512,0,48920.0,2,252,347,23,1,0
513,0,89120.0,0,104,1924,20,1,1
514,0,44124.0,1,414,397,25,0,0
515,1,81169.0,0,441,2089,24,0,1
516,0,36443.0,2,511,138,19,0,0
517,1,26095.0,1,364,42,12,0,0
518,0,71367.0,0,310,777,19,0,1
519,0,80184.0,0,120,1902,23,2,1
520,1,30630.0,2,153,52,14,0,0
521,1,73454.0,0,120,1651,18,1,1
522,0,42691.0,0,317,358,18,0,0
523,0,70503.0,0,637,1727,22,2,1
524,0,25545.0,1,659,210,16,1,0
525,0,32880.0,1,572,42,13,0,0
526,0,77863.0,0,214,1291,22,0,1
527,0,50353.0,0,21,442,18,0,0
528,1,61839.0,0,686,1895,25,0,1
529,0,49154.0,2,238,411,25,0,0
530,1,47682.0,1,499,521,24,0,0
531,1,72679.0,1,284,1168,18,0,1
532,0,57954.0,2,11,493,30,1,1
533,0,65316.0,2,431,260,16,0,1
534,1,28567.0,1,377,46,13,0,0
535,0,47352.0,1,444,319,23,0,0
536,0,44931.0,1,162,96,12,0,0
537,1,76982.0,0,134,1062,20,2,1
538,0,57247.0,1,325,232,14,0,1
539,1,22944.0,1,188,76,16,0,0
540,0,25315.0,1,234,54,17,0,0
541,1,43638.0,1,692,201,18,0,0
542,1,42710.0,1,578,406,20,0,0
543,0,84169.0,0,326,1919,23,3,1
544,0,54058.0,1,390,662,23,0,1
545,0,24683.0,1,113,41,13,0,0
546,1,85620.0,0,173,1600,15,1,1
547,0,47850.0,1,208,134,14,0,0
548,0,19514.0,2,154,69,18,2,0
549,0,27159.0,2,92,21,12,0,0
550,1,39548.0,2,90,54,10,0,0
551,1,21474.0,1,82,91,15,2,0
552,1,60504.0,1,142,526,24,0,1
553,0,22419.0,0,437,162,16,0,0
554,0,81698.0,0,235,1008,26,1,1
555,0,43462.0,2,655,240,24,0,0
556,1,54880.0,1,485,795,26,0,1
557,0,79908.0,0,450,1772,21,1,1
558,0,15315.0,0,330,64,13,0,0
559,0,87771.0,1,403,1957,26,5,1
560,0,33039.0,1,293,78,12,0,0
561,1,81741.0,0,378,1572,21,0,1
562,0,71499.0,1,369,795,30,0,1
563,0,62466.0,1,165,889,30,0,1
564,1,48799.0,1,236,331,18,0,0
565,0,52157.0,1,22,265,16,0,0
566,1,66565.0,1,571,1065,27,0,1
567,0,29298.0,2,295,11,9,0,0
568,1,47691.0,1,359,21,10,0,0
569,0,38200.0,2,569,17,11,0,0
570,0,44989.0,1,655,369,22,0,0
571,0,38443.0,2,153,38,13,0,0
572,1,38593.0,1,289,177,19,0,0
573,0,64413.0,1,332,279,17,0,1
574,0,36959.0,1,270,62,15,0,0
575,0,61996.0,1,514,1230,26,4,1
576,0,51287.0,2,89,182,18,0,0
577,0,13260.0,2,310,49,18,0,0
578,0,47472.0,2,286,75,13,0,0
579,0,54603.0,2,355,227,23,0,1
580,0,45207.0,2,596,215,21,1,0
581,0,40689.0,1,468,444,28,0,0
582,0,47821.0,2,252,47,13,0,0
583,0,27450.0,0,440,143,14,0,0
584,0,39453.0,1,87,55,13,0,0
585,0,26850.0,2,72,63,15,0,0
586,1,79800.0,0,644,1867,25,4,1
587,0,61794.0,1,288,611,22,0,1
588,0,53863.0,1,43,473,25,1,1
589,0,24221.0,0,313,55,10,0,0
590,1,39684.0,1,625,81,14,1,0
591,0,92163.0,0,564,2086,23,3,1
592,1,69882.0,0,231,1478,21,0,1
593,0,33178.0,1,150,49,9,0,0
594,0,59973.0,0,291,382,16,0,1
595,0,17459.0,1,283,69,16,1,0
596,1,23910.0,1,611,67,13,0,0
597,0,42169.0,2,253,30,14,0,0
598,0,26224.0,1,390,63,15,0,0
599,0,31089.0,1,681,79,18,0,0
600,1,30081.0,1,493,42,12,0,0
601,0,62807.0,1,667,819,28,0,1
602,1,72906.0,0,285,1151,18,0,1
603,0,61467.0,2,567,594,25,0,1
604,0,49618.0,2,519,129,18,0,0
605,1,21888.0,1,547,213,22,1,0
606,1,42429.0,1,138,67,12,0,0
607,1,26150.0,3,475,28,12,0,0
608,0,30801.0,1,611,45,13,0,0
609,0,81168.0,0,53,1193,21,1,1
610,1,26877.0,0,314,268,18,0,0
611,1,45006.0,0,346,266,15,0,0
612,0,18978.0,1,565,37,13,0,0
613,0,22574.0,3,244,37,14,0,0
614,1,48240.0,0,597,882,30,1,0
615,0,45837.0,2,338,373,25,0,0
616,1,35791.0,3,419,35,14,0,0
617,0,162397.0,2,391,107,2,0,1
618,1,54162.0,2,468,42,9,0,1
619,0,30522.0,1,681,326,19,0,0
620,0,54456.0,1,353,404,23,0,1
621,1,31632.0,0,350,95,13,0,0
622,1,72298.0,0,111,939,15,2,1
623,1,36975.0,1,183,33,12,0,0
624,0,72635.0,0,391,981,24,1,1
625,0,13624.0,1,525,36,13,0,0
626,1,84196.0,1,391,1237,23,0,1
627,0,70971.0,1,646,1825,41,1,1
628,1,34487.0,2,661,103,18,0,0
629,1,28769.0,1,558,191,21,0,0
630,0,69084.0,1,222,1586,33,0,1
631,0,65488.0,0,16,963,15,0,1
632,0,62466.0,1,165,889,30,0,1
633,1,32218.0,0,134,93,14,2,0
634,1,83917.0,0,437,1587,24,1,1
635,1,46102.0,3,111,16,11,0,0
636,1,84574.0,0,390,1375,37,0,1
637,0,56181.0,1,537,393,18,0,1
638,1,63120.0,1,639,1477,33,1,1
639,0,73691.0,1,235,1179,20,1,1
640,0,63381.0,1,632,1005,28,0,1
641,0,76140.0,0,47,1348,23,0,1
642,1,62859.0,1,546,1307,29,0,1
643,1,45906.0,1,418,486,20,1,0
644,0,77632.0,0,476,2252,15,3,1
645,0,46463.0,2,315,235,23,0,0
646,0,105471.0,0,524,1724,33,3,1
647,1,55282.0,1,198,235,15,0,1
648,0,78710.0,1,37,1092,32,0,1
649,0,66886.0,1,286,599,22,0,1
650,1,98777.0,0,132,2008,20,1,1
651,0,29103.0,1,671,48,15,0,0
652,0,67445.0,1,686,1174,38,0,1
653,0,50616.0,1,77,67,9,0,0
654,1,49431.0,1,695,365,23,0,0
655,1,153924.0,0,142,6,0,0,1
656,0,61278.0,1,176,165,16,0,1
657,0,26490.0,0,645,210,17,0,0
658,0,73059.0,1,302,1095,30,0,1
659,1,46734.0,3,251,223,18,1,0
660,0,56253.0,1,569,597,28,0,1
661,0,19986.0,1,227,22,11,0,0
662,1,58330.0,1,186,1064,28,0,1
663,0,25965.0,0,660,74,14,0,0
664,0,14661.0,0,544,26,11,0,0
665,0,18690.0,0,548,60,13,0,0
666,0,45068.0,1,409,20,11,0,0
667,1,21063.0,1,277,59,13,0,0
668,0,29187.0,1,416,34,13,0,0
669,0,54690.0,2,234,198,15,0,1
670,0,59304.0,1,335,1048,33,0,1
671,1,59247.0,2,233,574,27,0,1
672,1,66731.0,1,655,1029,20,0,1
673,0,77353.0,1,195,670,24,0,1
674,1,52614.0,1,575,990,24,0,0
675,0,26751.0,2,38,11,12,0,0
676,0,81300.0,1,607,1241,26,2,1
677,1,70337.0,0,178,576,18,0,1
678,0,36145.0,1,378,172,21,2,0
679,1,65295.0,0,188,664,22,0,1
680,1,68118.0,1,254,928,29,0,1
681,1,68743.0,0,668,2074,37,0,1
682,0,41039.0,0,339,467,23,0,0
683,0,38946.0,1,248,257,17,0,0
684,0,65777.0,0,192,1146,18,0,1
685,1,66476.0,1,479,689,24,0,1
686,1,86857.0,0,655,2114,24,1,1
687,0,160803.0,0,694,1717,44,0,1
688,0,77845.0,0,44,1346,22,2,1
689,0,69476.0,0,272,1044,17,0,1
690,1,50611.0,1,633,493,28,2,0
691,1,61209.0,0,308,957,15,0,1
692,0,42315.0,1,352,270,15,0,0
693,0,13084.0,0,239,29,11,0,0
694,1,47570.0,2,396,121,16,1,0
695,0,61923.0,2,338,126,11,0,1
696,1,34824.0,0,95,23,10,0,0
697,1,26518.0,2,447,57,16,1,0
698,1,45938.0,0,238,636,26,0,0
699,0,78468.0,0,81,1004,32,1,1
700,1,78901.0,1,285,734,24,0,1
701,0,71427.0,2,109,614,24,0,1
702,1,71022.0,1,138,1453,29,1,1
703,1,90247.0,0,61,1621,16,4,1
704,1,41335.0,1,185,187,19,0,0
705,0,71952.0,1,535,1443,26,2,1
706,1,35682.0,1,2,57,8,0,0
707,1,43185.0,1,445,637,28,0,0
708,0,66375.0,1,220,948,21,1,1
709,0,35178.0,1,535,59,12,2,0
710,0,25252.0,1,352,18,12,0,0
711,1,55250.0,1,616,903,31,0,1
712,1,33249.0,1,494,112,14,0,0
713,0,58398.0,0,411,596,24,0,1
714,0,50272.0,1,326,233,20,0,0
715,0,76618.0,0,569,1511,12,0,1
716,1,87305.0,0,644,1152,19,2,1
717,0,25851.0,1,503,48,14,0,0
718,1,58710.0,1,455,1185,37,0,1
719,1,45160.0,2,92,21,11,0,0
720,0,74806.0,1,557,965,20,0,1
721,0,59111.0,0,423,869,28,0,1
722,0,18988.0,1,37,16,13,0,0
723,0,72190.0,0,501,1947,19,0,1
724,0,7500.0,1,697,71,21,2,0
725,0,44794.0,1,21,65,12,0,0
726,0,80395.0,0,218,1380,26,1,1
727,1,75012.0,0,155,1027,24,0,1
728,0,56962.0,3,261,411,28,0,1
729,0,89891.0,0,440,836,30,1,1
730,1,35946.0,2,275,11,9,0,0
731,0,53593.0,2,691,480,31,0,1
732,0,66373.0,2,382,606,26,0,1
733,1,45072.0,3,256,284,24,0,0
734,1,89694.0,2,263,1472,19,3,1
735,0,72025.0,0,61,1677,28,4,1
736,0,67432.0,1,457,1335,23,0,1
737,0,70545.0,1,26,334,15,0,1
738,0,17487.0,1,468,18,11,0,0
739,0,62882.0,1,689,1338,24,0,1
740,1,64108.0,1,463,1099,35,0,1
741,0,34941.0,2,480,97,16,0,0
742,1,48767.0,3,179,63,14,0,0
743,0,38702.0,1,332,109,15,0,0
744,0,82224.0,0,155,902,24,1,1
745,0,83844.0,0,413,1574,21,1,1
746,0,17003.0,1,202,38,14,0,0
747,1,71163.0,0,112,960,25,0,1
748,1,33697.0,1,287,28,11,1,0
749,0,63564.0,0,151,1215,34,2,1
750,0,83443.0,0,180,1497,24,0,1
751,0,51518.0,1,269,449,20,0,0
752,1,58330.0,1,186,1064,28,0,1
753,0,80952.0,0,486,1757,33,4,1
754,0,75507.0,0,58,1440,24,0,1
755,0,63855.0,0,505,1006,28,0,1
756,0,62220.0,1,687,1226,29,1,1
757,0,58512.0,1,283,1171,28,0,1
758,0,40662.0,1,471,92,12,0,0
759,0,38829.0,1,84,99,13,0,0
760,0,35523.0,1,269,66,15,0,0
761,1,79146.0,2,66,564,25,0,1
762,0,78285.0,0,244,1427,24,0,1
763,1,31626.0,1,415,86,13,2,0
764,1,75127.0,0,38,833,20,0,1
765,0,48726.0,1,428,242,18,0,0
766,0,74985.0,0,656,1869,19,0,1
767,0,67430.0,0,662,1364,35,0,1
768,0,46891.0,1,301,183,12,0,0
769,0,62058.0,1,399,450,24,0,1
770,0,72063.0,1,361,758,23,0,1
771,0,78939.0,0,199,1507,23,0,1
772,1,42720.0,2,431,654,33,1,0
773,0,33622.0,2,442,81,16,0,0
774,0,6835.0,1,568,137,21,0,0
775,0,41452.0,2,480,16,11,0,0
776,1,40760.0,1,303,93,14,0,0
777,0,74250.0,0,154,1158,19,0,1
778,1,51124.0,2,193,43,9,0,0
779,1,72258.0,1,290,1525,24,0,1
780,1,71466.0,0,85,1230,20,0,1
781,0,36283.0,2,76,29,10,0,0
782,1,20587.0,1,49,25,12,0,0
783,0,30467.0,1,102,24,11,0,0
784,0,31590.0,1,376,38,13,0,0
785,0,20425.0,1,608,57,14,0,0
786,0,17144.0,2,134,47,19,0,0
787,1,42564.0,1,543,813,31,2,0
788,0,43783.0,1,31,629,29,1,0
789,1,40780.0,1,659,377,26,0,0
790,0,62847.0,0,530,1612,16,0,1
791,0,82017.0,0,599,729,19,4,1
792,1,16813.0,0,345,50,13,1,0
793,0,51267.0,2,243,270,19,0,0
794,1,46524.0,1,450,177,12,0,0
795,1,45183.0,0,525,315,20,1,0
796,0,70421.0,1,1,767,29,0,1
797,1,60161.0,1,614,1071,34,0,1
798,0,73926.0,0,484,1580,27,0,1
799,0,19329.0,1,197,60,18,0,0
800,0,61872.0,1,198,573,25,0,1
801,1,46984.0,2,460,41,10,0,0
802,0,34838.0,2,526,170,16,0,0
803,1,82716.0,0,236,1167,30,0,1
804,0,48192.0,0,449,1526,33,4,0
805,0,49681.0,2,237,458,28,0,0
806,0,56850.0,1,98,63,8,0,1
807,0,55267.0,1,251,405,20,0,1
808,0,59666.0,2,464,1027,28,1,1
809,1,72504.0,1,449,1478,24,0,1
810,0,26872.0,0,256,72,11,0,0
811,1,21359.0,1,435,48,15,1,0
812,1,73170.0,0,29,726,18,0,1
813,0,52750.0,1,510,860,31,0,1
814,0,91820.0,0,218,1497,23,0,1
815,0,65968.0,1,48,495,21,0,1
816,0,30772.0,2,109,20,10,0,0
817,1,22507.0,0,582,570,28,0,0
818,0,65685.0,1,92,769,26,0,1
819,0,25804.0,1,301,55,15,0,0
820,1,76412.0,0,420,1808,21,3,1
821,0,22063.0,1,325,55,14,0,0
822,1,57091.0,0,14,577,23,2,1
823,0,22419.0,0,437,162,16,0,0
824,0,87771.0,1,403,1957,26,5,1
825,1,78353.0,1,439,1576,32,0,1
826,0,93404.0,3,418,1616,22,2,1
827,1,37859.0,3,533,36,14,0,0
828,1,80995.0,1,414,1482,26,0,1
829,0,16529.0,1,120,22,11,0,0
830,1,55412.0,2,219,63,11,0,1
831,1,48789.0,0,657,680,24,0,0
832,0,56575.0,2,420,542,25,0,1
833,0,25130.0,1,270,50,14,0,0
834,0,35441.0,2,500,39,14,0,0
835,0,71391.0,1,457,1043,31,0,1
836,1,49494.0,1,430,385,21,0,0
837,1,81702.0,0,644,1633,30,0,1
838,1,45889.0,1,362,46,11,0,0
839,1,56628.0,1,100,761,25,1,1
840,0,34026.0,2,328,76,14,0,0
841,0,40049.0,1,577,290,19,0,0
842,1,34176.0,1,48,89,17,0,0
843,0,19419.0,1,596,70,20,0,0
844,0,82504.0,0,337,1066,18,0,1
845,0,81205.0,0,167,2009,21,4,1
846,1,61618.0,0,638,1345,22,0,1
847,1,55284.0,1,552,764,28,0,1
848,1,49980.0,1,249,195,16,0,0
849,0,15072.0,2,415,53,16,0,0
850,1,49166.0,1,381,368,19,0,0
851,0,65324.0,1,169,544,24,0,1
852,0,82347.0,0,600,1853,28,2,1
853,0,30843.0,2,34,35,11,1,0
854,0,46374.0,1,104,446,26,3,0
855,1,60474.0,1,454,1180,38,0,1
856,0,38576.0,1,117,41,12,0,0
857,0,55357.0,2,495,727,27,0,1
858,0,37758.0,2,633,40,14,0,0
859,0,85710.0,0,420,1062,28,1,1
860,0,23228.0,1,154,40,15,0,0
861,0,44602.0,2,134,292,25,0,0
862,0,7500.0,0,536,15,10,0,0
863,0,38683.0,1,633,341,24,0,0
864,1,49514.0,1,194,369,20,0,0
865,0,57906.0,1,383,401,21,0,1
866,1,43456.0,1,460,393,22,0,0
867,1,19485.0,2,278,10,11,0,0
868,0,53172.0,1,419,486,19,0,1
869,0,30545.0,1,620,69,14,0,0
870,0,70123.0,0,274,1727,20,2,1
871,1,62450.0,1,174,995,19,1,1
872,0,21675.0,1,18,45,17,0,0
873,1,42395.0,2,86,182,19,0,0
874,0,61346.0,1,266,989,26,0,1
875,0,80812.0,0,285,1677,20,3,1
876,1,42835.0,2,364,595,29,0,0
877,0,39922.0,1,500,156,17,0,0
878,1,86424.0,0,85,1226,29,0,1
879,0,17117.0,1,528,128,20,0,0
880,1,24762.0,1,139,86,17,2,0
881,0,35797.0,1,621,68,15,0,0
882,1,36627.0,2,341,16,9,0,0
883,0,51111.0,2,10,55,13,0,0
884,1,86857.0,0,655,2114,24,1,1
885,0,82072.0,0,362,2018,20,0,1
886,1,46231.0,3,580,263,24,0,0
887,0,42243.0,2,200,55,14,0,0
888,0,51195.0,2,454,564,32,0,0
889,1,68092.0,0,195,1281,25,0,1
890,0,31814.0,1,505,83,16,1,0
891,1,51390.0,2,659,353,23,0,0
892,0,76630.0,0,166,1003,26,0,1
893,1,26868.0,1,60,14,11,0,0
894,1,48948.0,0,513,902,30,2,0
895,1,55260.0,1,564,1139,31,0,1
896,0,64090.0,1,326,797,25,1,1
897,1,78331.0,1,157,1638,29,0,1
898,0,37087.0,1,322,401,23,0,0
899,1,21846.0,1,250,84,19,0,0
900,0,81320.0,0,508,928,20,0,1
901,1,54137.0,1,317,203,17,0,1
902,0,66825.0,0,350,858,18,0,1
903,0,57100.0,0,207,409,16,0,1
904,0,58917.0,3,462,282,21,0,1
905,1,85072.0,0,81,1423,18,0,1
906,1,86429.0,0,220,1449,20,2,1
907,1,45684.0,1,209,28,11,0,0
908,0,47889.0,1,176,67,11,0,0
909,0,45921.0,0,111,199,14,0,0
910,1,78420.0,0,365,1453,23,0,1
911,0,75114.0,0,234,1253,21,0,1
912,1,52278.0,1,520,1198,39,1,0
913,0,35641.0,1,350,178,17,1,0
914,1,95529.0,0,573,1990,21,2,1
915,0,62820.0,0,414,976,15,0,1
916,0,73113.0,0,185,1001,17,0,1
917,0,84169.0,0,326,1919,23,3,1
918,1,42607.0,1,224,350,17,0,0
919,1,74637.0,0,407,1650,28,1,1
920,0,46015.0,2,77,46,12,2,0
921,1,72354.0,0,438,1228,20,0,1
922,1,39858.0,1,521,95,13,1,0
923,0,34469.0,2,56,62,13,0,0
924,0,83033.0,1,42,1761,31,1,1
925,0,24401.0,0,667,467,24,0,0
926,0,77583.0,0,139,1149,21,1,1
927,1,74116.0,0,181,2052,21,1,1
928,1,74293.0,0,56,1127,18,0,1
929,0,68397.0,1,224,1416,24,0,1
930,0,79632.0,0,82,1113,22,0,1
931,1,46107.0,1,139,125,10,0,0
932,1,64950.0,1,686,966,32,1,1
933,0,25443.0,1,554,32,13,0,0
934,1,75127.0,0,38,833,20,0,1
935,0,32892.0,1,35,46,16,0,0
936,0,71796.0,0,248,960,21,0,1
937,0,67536.0,1,403,1829,38,1,1
938,1,55239.0,1,350,779,31,0,1
939,1,60554.0,1,324,811,29,0,1
940,1,64831.0,2,384,1120,28,0,1
941,0,56067.0,1,344,725,25,0,1
942,1,82025.0,0,397,1187,13,2,1
943,0,94384.0,0,482,2302,20,4,1
944,1,14906.0,0,554,66,16,0,0
945,0,51563.0,0,636,1250,27,2,0
946,0,57937.0,1,133,683,23,0,1
947,1,68274.0,2,272,305,16,0,1
948,0,39771.0,1,205,50,10,0,0
949,1,67893.0,1,636,995,24,0,1
950,0,27922.0,1,50,41,10,0,0
951,0,52190.0,2,52,77,14,1,0
952,1,44051.0,2,516,171,18,1,0
953,1,42767.0,2,414,131,15,0,0
954,0,46106.0,2,49,54,11,0,0
955,0,16927.0,2,504,53,20,0,0
956,0,59754.0,1,575,475,21,1,1
957,1,53700.0,1,681,694,27,0,1
958,0,59041.0,2,53,96,13,0,1
959,1,54237.0,1,428,361,22,0,1
960,1,70647.0,1,646,1079,28,0,1
961,1,52597.0,1,53,578,25,0,0
962,0,41021.0,1,546,64,13,1,0
963,0,40233.0,1,258,149,19,0,0
964,0,50183.0,2,4,231,22,0,0
965,0,54753.0,1,290,728,25,0,1
966,0,92955.0,0,314,1778,25,3,1
967,0,33471.0,1,625,93,17,0,0
968,0,34596.0,1,442,23,12,1,0
969,0,44010.0,1,624,662,33,0,0
970,0,84219.0,0,147,1198,19,0,1
971,0,40706.0,3,528,81,18,0,0
972,0,15716.0,1,594,92,18,0,0
973,1,59052.0,1,224,491,23,0,1
974,0,80573.0,0,623,1564,26,0,1
975,0,83715.0,0,146,926,24,0,1
976,0,82576.0,0,697,1910,20,1,1
977,0,56962.0,3,261,411,28,0,1
978,0,35704.0,2,177,94,13,0,0
979,0,53103.0,1,290,1085,35,1,1
980,1,46779.0,2,352,23,8,0,0
981,1,4861.0,0,7,6,14,0,0
982,1,33462.0,1,326,54,13,0,0
983,1,63693.0,1,258,1150,35,0,1
984,0,80763.0,0,318,1415,26,3,1
985,0,65352.0,1,312,405,20,0,1
986,0,82170.0,0,216,1908,21,0,1
987,0,75759.0,0,247,2486,31,4,1
988,1,79689.0,0,413,1315,29,0,1
989,1,35340.0,2,0,45,12,0,0
990,1,85683.0,0,100,1789,18,5,1
991,0,24884.0,1,577,19,11,0,0
992,0,42021.0,1,667,573,31,1,0
993,1,64449.0,1,131,805,28,0,1
994,1,64587.0,2,7,108,11,0,1
995,1,34824.0,0,95,23,10,0,0
996,0,75437.0,0,232,1493,29,1,1
997,0,26091.0,2,124,89,14,0,0
998,0,52845.0,1,320,936,31,1,1
999,1,46086.0,1,238,343,20,0,0
1000,1,78028.0,1,657,528,27,3,1
1001,1,95169.0,0,263,1901,13,3,1
1002,0,56337.0,2,459,724,30,3,1
1003,0,22434.0,1,501,58,15,0,0
1004,0,36930.0,1,408,297,24,0,0
1005,1,36130.0,1,512,488,25,2,0
1006,0,65569.0,1,601,859,26,0,1
1007,0,83844.0,0,413,1574,21,1,1
1008,0,19514.0,2,154,69,18,1,0
1009,1,36736.0,2,415,17,10,0,0
1010,0,77568.0,1,673,2194,26,3,1
1011,0,49187.0,1,169,116,10,0,0
1012,1,30168.0,1,479,279,27,0,0
1013,0,34053.0,1,657,103,15,0,0
1014,0,38196.0,2,72,44,14,0,0
1015,0,59412.0,0,71,406,18,0,1
1016,0,70924.0,0,83,1363,23,1,1
1017,0,54165.0,0,397,236,13,0,1
1018,0,32300.0,1,542,39,13,0,0
1019,1,20180.0,0,494,137,15,0,0
1020,0,34961.0,1,10,79,17,0,0
1021,0,28440.0,1,357,63,14,0,0
1022,0,64504.0,3,482,1314,32,1,1
1023,0,33564.0,1,5,71,11,0,0
1024,0,17345.0,1,603,58,15,0,0
1025,0,56320.0,1,447,702,25,0,1
1026,1,28647.0,1,312,94,14,2,0
1027,1,15038.0,1,516,80,16,0,0
1028,1,32173.0,1,332,22,9,0,0
1029,0,68316.0,1,602,1211,38,0,1
1030,0,74538.0,0,365,1461,25,2,1
1031,1,91700.0,0,528,1968,23,1,1
1032,0,68695.0,0,4,1091,18,0,1
1033,0,31056.0,1,523,55,13,0,0
1034,0,79593.0,0,48,1366,21,1,1
1035,1,28071.0,0,669,313,21,0,0
1036,0,37334.0,2,123,62,15,0,0
1037,1,46423.0,2,284,92,16,0,0
1038,0,37126.0,1,91,72,12,2,0
1039,0,47703.0,1,396,655,26,0,0
1040,0,61180.0,1,67,704,21,1,1
1041,0,38998.0,2,603,54,16,0,0
1042,1,8028.0,0,649,178,35,0,0
1043,0,76081.0,0,37,1033,16,1,1
1044,0,34728.0,1,334,36,11,1,0
1045,1,33168.0,1,624,122,17,0,0
1046,0,33585.0,1,277,122,11,0,0
1047,0,77037.0,1,259,1123,30,0,1
1048,0,35196.0,1,593,497,26,1,0
1049,0,44529.0,1,359,691,30,1,0
1050,0,70924.0,0,83,1363,23,1,1
1051,0,28764.0,2,24,12,12,1,0
1052,0,69098.0,0,498,2440,30,0,1
1053,1,25959.0,2,500,56,13,1,0
1054,0,27100.0,1,450,37,12,0,0
1055,1,70596.0,0,632,968,23,0,1
1056,0,42557.0,1,669,270,23,0,0
1057,0,53312.0,0,324,278,19,0,1
1058,1,72228.0,0,579,1250,25,0,1
1059,0,67605.0,0,455,938,18,0,1
1060,0,62845.0,2,636,1178,36,1,1
1061,0,65196.0,2,339,1155,31,1,1
1062,1,42000.0,0,535,653,25,1,0
1063,1,35860.0,2,41,49,11,1,0
1064,0,65526.0,1,79,506,19,0,1
1065,0,16860.0,2,655,38,15,0,0
1066,1,83528.0,0,59,1650,24,3,1
1067,1,64176.0,1,695,1826,39,0,1
1068,1,22304.0,0,694,18,12,0,0
1069,0,67023.0,0,117,906,26,0,1
1070,0,32892.0,1,35,46,16,0,0
1071,0,70713.0,1,573,1477,28,0,1
1072,0,59925.0,1,576,766,29,0,1
1073,0,39722.0,1,125,47,12,0,0
1074,0,46610.0,0,346,467,20,0,0
1075,0,88347.0,0,361,2116,22,1,1
1076,0,87171.0,0,424,1298,27,2,1
1077,0,26907.0,2,313,22,13,0,0
1078,1,50014.0,1,158,396,20,0,0
1079,0,41014.0,1,433,20,11,0,0
1080,1,66294.0,0,104,967,15,0,1
1081,0,36715.0,1,589,357,28,1,0
1082,0,79456.0,0,676,1401,19,1,1
1083,0,40479.0,1,316,15,8,0,0
1084,1,75345.0,0,512,2087,23,2,1
1085,0,54233.0,1,510,981,34,0,1
1086,1,24163.0,2,260,17,10,0,0
1087,0,84460.0,0,541,523,27,5,1
1088,0,43776.0,1,57,23,10,0,0
1089,1,71691.0,0,104,1192,19,1,1
1090,0,85844.0,0,31,1958,22,1,1
1091,1,39190.0,1,64,133,14,0,0
1092,0,71367.0,0,310,777,19,0,1
1093,1,38578.0,2,372,73,17,0,0
1094,0,57236.0,2,109,121,13,0,1
1095,1,61825.0,1,326,424,19,0,1
1096,1,79803.0,1,27,868,14,0,1
1097,1,80910.0,0,606,756,16,0,1
1098,0,27590.0,1,432,12,11,0,0
1099,0,56775.0,1,543,937,30,0,1
1100,1,83829.0,0,264,1862,18,4,1
1101,0,54210.0,1,405,367,19,0,1
1102,0,38508.0,1,331,443,28,0,0
1103,0,53187.0,1,246,267,18,0,1
1104,0,30023.0,1,97,61,14,0,0
1105,1,76045.0,0,226,1323,23,1,1
1106,0,50870.0,1,10,63,11,0,0
1107,0,15315.0,0,330,64,13,0,0
1108,0,65463.0,1,150,562,24,1,1
1109,0,66480.0,2,29,312,23,0,1
1110,1,76773.0,0,489,1156,17,0,1
1111,1,81698.0,0,485,1104,21,2,1
1112,1,54466.0,2,140,16,9,0,1
1113,1,98777.0,0,132,2008,20,1,1
1114,1,16269.0,1,303,44,17,0,0
1115,0,71819.0,1,305,1574,20,2,1
1116,0,33569.0,1,256,63,13,2,0
1117,0,36262.0,0,282,426,18,2,0
1118,0,22634.0,0,529,96,14,0,0
1119,0,47025.0,1,290,635,32,0,0
1120,1,70566.0,1,266,757,25,0,1
1121,0,31605.0,1,584,125,16,0,0
1122,1,52034.0,2,408,332,23,0,0
1123,1,48526.0,1,187,135,11,0,0
1124,0,46734.0,1,588,330,21,0,0
1125,1,39552.0,2,558,384,28,1,0
1126,1,86358.0,2,690,1722,26,0,1
1127,0,46931.0,3,66,78,10,0,0
1128,1,16581.0,0,533,24,8,0,0
1129,1,63998.0,0,191,1168,29,1,1
1130,0,67381.0,1,530,957,24,1,1
1131,1,25930.0,2,262,15,11,0,0
1132,0,42693.0,1,22,57,10,0,0
1133,0,85606.0,1,594,1956,27,1,1
1134,1,72903.0,0,243,2013,25,4,1
1135,0,49669.0,1,36,326,20,0,0
1136,0,36778.0,2,693,77,18,0,0
1137,1,85696.0,0,422,1313,21,1,1
1138,1,10979.0,0,38,30,13,0,0
1139,0,49678.0,1,512,315,21,0,0
1140,0,56129.0,1,374,660,26,0,1
1141,0,37155.0,1,514,74,12,0,0
1142,1,21282.0,1,49,46,13,0,0
1143,1,33419.0,1,316,86,15,0,0
1144,1,63285.0,0,236,1103,28,0,1
1145,0,21255.0,1,159,61,15,0,0
1146,0,42162.0,1,222,145,15,2,0
1147,0,54450.0,2,653,684,39,0,1
1148,0,57744.0,1,229,411,24,0,1
1149,1,26576.0,1,624,27,13,2,0
1150,1,57513.0,0,358,1060,33,0,1
1151,0,68142.0,1,669,1459,30,0,1
1152,0,7500.0,1,669,18,12,0,0
1153,0,83145.0,0,645,1833,28,2,1
1154,0,54197.0,1,87,237,13,0,1
1155,1,23091.0,2,32,48,17,0,0
1156,0,46049.0,2,343,515,33,1,0
1157,0,56715.0,0,571,1020,19,0,1
1158,0,79410.0,0,31,1370,12,0,1
1159,0,57304.0,1,475,1026,30,0,1
1160,0,44375.0,1,98,301,17,0,0
1161,0,54450.0,2,653,684,39,0,1
1162,0,59594.0,1,617,499,24,1,1
1163,0,80685.0,0,676,1004,23,0,1
1164,0,40344.0,1,259,218,19,0,0
1165,0,62710.0,1,402,606,26,0,1
1166,0,48985.0,1,359,75,9,0,0
1167,0,35322.0,3,676,106,17,0,0
1168,0,77142.0,0,396,990,19,0,1
1169,1,81657.0,0,158,1097,17,0,1
1170,0,14421.0,0,132,16,9,1,0
1171,0,20130.0,0,104,34,13,0,0
1172,0,74214.0,0,672,1711,21,0,1
1173,0,66726.0,2,168,438,24,1,1
1174,0,23724.0,1,537,75,15,0,0
1175,0,47353.0,1,228,225,18,0,0
1176,0,33444.0,2,603,18,12,0,0
1177,0,54386.0,1,408,470,20,0,1
1178,1,28510.0,2,442,91,14,0,0
1179,1,90638.0,0,136,2525,19,1,1
1180,0,48070.0,1,532,504,26,0,0
1181,0,43140.0,1,540,235,17,0,0
1182,1,54959.0,1,526,1232,28,2,1
1183,1,15056.0,2,422,88,17,0,0
1184,1,26954.0,1,52,17,11,0,0
1185,1,22327.0,1,331,24,10,0,0
1186,0,44393.0,2,311,60,11,0,0
1187,1,62000.0,1,308,1020,30,1,1
1188,0,31497.0,1,570,155,18,0,0
1189,0,45894.0,2,122,51,10,0,0
1190,1,78579.0,0,554,1812,19,1,1
1191,1,67369.0,1,589,1461,29,3,1
1192,1,58401.0,1,70,96,10,0,1
1193,1,62307.0,1,132,160,14,0,1
1194,0,43641.0,2,433,139,16,0,0
1195,1,63841.0,1,434,908,28,0,1
1196,0,46891.0,1,301,183,12,0,0
1197,0,70091.0,1,455,1161,27,1,1
1198,0,78075.0,0,85,988,15,0,1
1199,1,59184.0,1,658,1072,32,0,1
1200,0,54809.0,2,291,174,16,0,1
1201,0,58113.0,1,520,758,29,0,1
1202,0,51412.0,1,180,195,15,0,0
1203,1,15287.0,1,627,31,13,2,0
1204,0,66636.0,0,316,1084,18,0,1
1205,0,50965.0,1,494,685,30,1,0
1206,0,84618.0,0,219,1672,28,1,1
1207,0,18351.0,0,243,43,13,0,0
1208,0,40451.0,2,133,49,10,1,0
1209,0,36317.0,1,403,133,16,0,0
1210,0,42213.0,1,260,363,22,1,0
1211,0,65748.0,1,440,545,19,0,1
1212,0,77044.0,1,245,1065,35,1,1
1213,0,74918.0,0,474,2047,24,1,1
1214,0,56721.0,2,606,296,21,0,1
1215,1,42160.0,2,366,140,17,1,0
1216,1,61559.0,1,347,530,20,0,1
1217,0,33629.0,2,690,152,22,0,0
1218,0,68682.0,0,266,1598,26,0,1
1219,1,34377.0,1,526,114,15,0,0
1220,1,8940.0,1,676,101,18,0,0
1221,0,26228.0,1,280,25,12,0,0
1222,1,77297.0,0,519,789,26,1,1
1223,0,40211.0,2,334,87,15,1,0
1224,1,33438.0,2,280,90,16,0,0
1225,0,75032.0,1,427,1215,23,0,1
1226,1,61284.0,0,260,811,28,1,1
1227,0,22518.0,1,615,61,12,2,0
1228,0,54730.0,1,318,405,22,0,1
1229,0,38452.0,2,91,72,16,0,0
1230,1,44421.0,2,499,189,22,0,0
1231,0,38197.0,1,365,40,10,0,0
1232,1,41986.0,1,140,63,14,0,0
1233,0,28427.0,1,465,52,15,0,0
1234,0,37395.0,1,58,39,11,0,0
1235,0,64722.0,1,34,805,31,0,1
1236,0,55249.0,1,73,130,11,0,1
1237,0,84906.0,0,268,1631,26,3,1
1238,0,28691.0,1,360,34,13,0,0
1239,1,44213.0,2,212,152,18,0,0
1240,1,25707.0,1,162,21,12,0,0
1241,0,59062.0,3,269,71,11,0,1
1242,1,76624.0,1,36,899,24,1,1
1243,0,66000.0,0,70,711,11,0,1
1244,0,27683.0,1,694,351,24,0,0
1245,1,1730.0,0,42,8,35,0,0
1246,1,7500.0,1,573,119,20,0,0
1247,0,40521.0,2,450,21,9,0,0
1248,0,20427.0,1,97,10,12,0,0
1249,0,65106.0,1,36,973,33,1,1
1250,0,69969.0,0,306,1536,16,3,1
1251,0,67433.0,2,348,992,32,1,1
1252,0,77766.0,1,492,1529,40,2,1
1253,0,74716.0,1,290,860,21,0,1
1254,1,68118.0,1,254,928,29,0,1
1255,0,55158.0,2,699,418,25,1,1
1256,0,62972.0,1,695,587,22,1,1
1257,0,74190.0,1,48,641,21,0,1
1258,0,39356.0,2,102,23,10,1,0
1259,0,76653.0,0,317,2279,25,2,1
1260,1,35860.0,2,41,49,11,1,0
1261,1,90687.0,0,403,1779,19,2,1
1262,0,73450.0,0,206,1804,30,2,1
1263,0,31454.0,2,358,48,16,0,0
1264,1,47139.0,2,115,83,14,1,0
1265,1,83829.0,0,264,1862,18,4,1
1266,0,53378.0,2,643,793,37,1,1
1267,0,19656.0,1,506,84,16,0,0
1268,0,45579.0,1,313,183,16,0,0
1269,1,85485.0,0,8,1383,21,0,1
1270,0,55956.0,0,83,999,20,1,1
1271,1,64191.0,1,523,825,27,0,1
1272,1,38808.0,1,672,246,22,2,0
1273,0,57183.0,2,467,610,33,0,1
1274,1,23748.0,1,585,76,17,0,0
1275,0,66303.0,1,488,1286,30,1,1
1276,0,37368.0,1,195,30,10,1,0
1277,0,40800.0,3,544,99,15,0,0
1278,1,71847.0,0,646,1192,25,1,1
1279,0,46149.0,1,212,362,23,0,0
1280,0,78687.0,0,689,2130,21,2,1
1281,1,49118.0,0,680,1229,35,3,0
1282,0,37633.0,2,647,38,15,0,0
1283,0,39767.0,0,343,485,25,0,0
1284,0,26997.0,0,601,434,20,0,0
1285,1,33986.0,1,472,44,12,0,0
1286,0,57091.0,1,583,496,25,2,1
1287,0,46831.0,2,386,78,11,0,0
1288,0,83151.0,0,504,2346,25,4,1
1289,0,52531.0,0,546,794,27,0,0
1290,0,15759.0,0,297,17,11,0,0
1291,1,22804.0,1,333,26,14,0,0
1292,0,43050.0,1,103,76,13,0,0
1293,1,42997.0,2,204,15,11,0,0
1294,1,48918.0,2,78,62,11,0,0
1295,0,60033.0,1,92,198,12,0,1
1296,0,34043.0,1,247,49,14,0,0
1297,0,57811.0,1,370,802,30,1,1
1298,0,78569.0,0,130,1736,16,2,1
1299,1,7500.0,2,549,57,16,0,0
1300,0,157733.0,1,390,59,3,0,1
1301,0,94384.0,0,482,2302,20,4,1
1302,0,23148.0,0,131,37,13,0,0
1303,1,44267.0,2,489,310,25,0,0
1304,0,71626.0,0,605,1305,22,1,1
1305,0,60894.0,1,366,832,33,0,1
1306,0,50200.0,2,452,401,27,0,0
1307,0,81051.0,0,37,1501,25,2,1
1308,0,65169.0,0,166,1189,34,5,1
1309,0,59868.0,1,342,1194,38,0,1
1310,0,65695.0,1,149,656,25,0,1
1311,1,64857.0,0,583,1540,27,0,1
1312,0,45143.0,1,307,311,22,0,0
1313,0,74805.0,1,235,820,28,0,1
1314,0,59060.0,1,169,274,18,0,1
1315,1,27238.0,2,435,57,18,0,0
1316,0,47009.0,1,271,448,21,0,0
1317,0,46094.0,2,19,44,12,0,0
1318,0,40321.0,2,335,102,15,0,0
1319,0,37235.0,1,148,61,9,0,0
1320,0,81843.0,0,433,1643,30,0,1
1321,0,46692.0,1,388,397,21,0,0
1322,0,77382.0,1,173,1121,27,1,1
1323,1,37774.0,2,664,473,25,2,0
1324,0,18393.0,1,92,50,16,0,0
1325,0,72828.0,1,500,1678,35,0,1
1326,0,24711.0,0,72,58,14,0,0
1327,0,45503.0,1,277,170,14,0,0
1328,1,6560.0,0,199,373,19,0,0
1329,0,71604.0,0,224,1196,21,2,1
1330,0,27244.0,1,114,101,15,0,0
1331,0,48752.0,2,564,316,26,1,0
1332,0,71434.0,1,284,1400,25,2,1
1333,1,90842.0,0,335,1424,28,0,1
1334,0,88097.0,1,680,844,29,4,1
1335,0,51948.0,1,285,311,18,0,0
1336,0,71853.0,0,417,1149,18,0,1
1337,0,35876.0,0,70,129,14,0,0
1338,1,40049.0,1,256,32,11,0,0
1339,1,39660.0,1,690,299,23,1,0
1340,0,50127.0,1,31,320,19,1,0
1341,0,43263.0,1,585,441,21,0,0
1342,0,62845.0,2,636,1178,36,2,1
1343,0,18929.0,0,498,85,12,0,0
1344,1,24367.0,1,466,24,13,0,0
1345,1,33249.0,1,494,112,14,0,0
1346,0,26887.0,1,504,30,11,0,0
1347,0,50150.0,0,374,410,21,0,0
1348,0,62061.0,1,302,800,30,1,1
1349,1,85696.0,0,422,1313,21,1,1
1350,0,76542.0,0,456,1483,25,0,1
1351,1,70515.0,0,251,1258,19,1,1
1352,0,18227.0,1,598,28,12,0,0
1353,0,69139.0,1,153,227,15,0,1
1354,0,69109.0,0,597,1555,24,2,1
1355,1,69627.0,1,469,861,28,0,1
1356,0,38136.0,1,433,103,16,1,0
1357,1,62159.0,0,62,634,23,0,1
1358,1,80695.0,0,182,1918,21,0,1
1359,1,33316.0,2,268,131,16,0,0
1360,0,58554.0,2,641,586,29,0,1
1361,0,17256.0,1,218,62,15,1,0
1362,1,53034.0,2,395,447,30,0,1
1363,0,52203.0,0,698,939,33,0,0
1364,1,59601.0,1,339,797,23,1,1
1365,1,75154.0,1,663,1143,19,1,1
1366,1,47025.0,1,234,415,23,0,0
1367,0,37971.0,1,216,30,13,0,0
1368,1,41335.0,1,185,187,19,0,0
1369,0,67267.0,1,47,251,13,0,1
1370,1,57338.0,1,61,237,17,0,1
1371,0,50523.0,2,186,91,14,0,0
1372,1,35791.0,3,419,35,14,0,0
1373,1,50611.0,1,633,493,28,1,0
1374,0,56242.0,1,483,971,34,0,1
1375,1,48904.0,1,574,371,25,0,0
1376,1,56243.0,3,181,396,25,0,1
1377,0,21355.0,1,313,68,13,2,0
1378,0,57420.0,1,369,322,22,1,1
1379,0,51381.5,1,454,317,19,0,0
1380,1,46390.0,1,55,222,17,0,0
1381,0,54342.0,2,361,177,18,0,1
1382,0,51381.5,2,664,45,10,0,0
1383,1,51381.5,2,168,21,11,0,0
1384,0,20895.0,1,631,45,15,0,0
1385,0,92344.0,0,165,1899,21,2,1
1386,0,51381.5,1,119,42,12,0,0
1387,0,26907.0,2,313,22,13,0,0
1388,0,44964.0,2,560,41,13,0,0
1389,0,75507.0,0,58,1440,24,0,1
1390,0,53761.0,2,261,325,22,0,1
1391,0,22682.0,1,269,95,14,0,0
1392,0,38887.0,1,119,42,12,0,0
1393,1,41658.0,2,597,72,10,0,0
1394,0,29791.0,1,45,20,12,0,0
1395,0,63915.0,2,334,789,28,0,1
1396,1,39996.0,2,38,15,10,0,0
1397,1,26759.0,1,142,59,14,0,0
1398,1,63841.0,1,434,908,28,0,1
1399,0,51039.0,2,566,417,21,0,0
1400,0,60544.0,2,673,289,21,0,1
1401,0,65685.0,1,92,769,26,0,1
1402,0,37716.0,1,69,188,17,0,0
1403,1,36864.0,1,685,354,22,1,0
1404,0,44511.0,1,625,727,34,0,0
1405,0,36947.0,2,691,146,20,0,0
1406,0,47352.0,1,444,319,23,0,0
1407,0,67087.0,1,194,794,26,0,1
1408,0,57045.0,1,659,454,21,0,1
1409,1,36957.0,2,661,152,20,1,0
1410,0,69389.0,1,639,797,26,0,1
1411,0,80134.0,1,405,1690,22,4,1
1412,0,43142.0,2,131,20,11,0,0
1413,0,80589.0,0,158,1428,22,2,1
1414,1,34412.0,1,501,209,20,0,0
1415,1,57537.0,1,384,545,23,0,1
1416,0,22634.0,0,529,96,14,0,0
1417,0,51315.0,0,126,222,12,0,0
1418,0,36026.0,3,105,61,13,0,0
1419,0,24639.0,2,152,44,15,0,0
1420,0,34578.0,3,79,8,10,0,0
1421,1,65704.0,0,259,817,24,0,1
1422,1,63810.0,1,595,1371,31,1,1
1423,0,54132.0,1,133,42,12,0,1
1424,0,18690.0,0,548,60,13,0,0
1425,0,28164.0,1,421,78,16,0,0
1426,0,34596.0,1,442,23,12,0,0
1427,0,43269.0,1,286,19,12,0,0
1428,1,38741.0,2,91,61,14,0,0
1429,1,31907.0,0,482,449,21,0,0
1430,0,27100.0,1,450,37,12,0,0
1431,1,31163.0,1,136,38,11,0,0
1432,0,92533.0,0,192,1131,25,2,1
1433,1,34853.0,2,188,34,13,0,0
1434,1,70844.0,2,242,294,24,0,1
1435,0,31086.0,2,421,48,14,1,0
1436,0,60544.0,2,673,289,21,0,1
1437,0,20491.0,0,520,30,11,0,0
1438,0,42523.0,0,67,125,9,0,0
1439,0,39922.0,1,500,156,17,0,0
1440,0,33402.0,2,346,70,17,0,0
1441,0,36408.0,2,281,22,10,0,0
1442,0,21645.0,1,664,65,18,1,0
1443,1,78427.0,0,613,1930,26,2,1
1444,0,82657.0,0,275,2283,27,2,1
1445,0,51876.0,0,257,310,14,0,0
1446,0,78041.0,0,560,1319,20,0,1
1447,0,52852.0,1,575,879,34,1,1
1448,0,70038.0,0,247,1244,19,0,1
1449,0,69401.0,1,98,690,19,0,1
1450,0,46053.0,1,497,209,17,0,0
1451,0,77343.0,0,20,1134,18,0,1
1452,1,73892.0,0,228,1507,24,1,1
1453,1,40304.0,1,272,57,13,0,0
1454,0,32727.0,0,670,529,25,0,0
1455,0,68695.0,0,4,1091,18,0,1
1456,1,43300.0,1,624,180,19,1,0
1457,0,26290.0,2,533,77,16,0,0
1458,1,93790.0,0,137,2349,27,4,1
1459,0,38410.0,0,653,534,24,1,0
1460,1,64866.0,1,154,556,26,1,1
1461,0,57957.0,1,314,637,28,0,1
1462,0,46015.0,2,77,46,12,2,0
1463,0,16531.0,1,11,44,16,0,0
1464,0,28072.0,1,356,47,12,0,0
1465,1,49476.0,1,374,795,24,0,0
1466,0,50725.0,1,501,586,29,0,0
1467,0,83844.0,0,413,1574,21,1,1
1468,0,41145.0,2,141,13,7,0,0
1469,0,67419.0,1,529,1471,30,0,1
1470,0,23162.0,2,190,65,14,0,0
1471,0,34380.0,1,423,175,20,0,0
1472,1,34704.0,1,428,40,10,0,0
1473,0,94871.0,2,666,1078,25,3,1
1474,0,65148.0,1,590,1115,25,0,1
1475,0,39898.0,1,502,134,16,0,0
1476,1,64857.0,0,583,1540,27,0,1
1477,0,59892.0,1,239,87,10,0,1
1478,1,41020.0,0,244,217,13,0,0
1479,0,57072.0,1,156,1034,32,1,1
1480,1,60474.0,1,454,1180,38,0,1
1481,0,62807.0,1,667,819,28,0,1
1482,0,19414.0,1,256,32,13,0,0
1483,0,19107.0,1,311,46,13,0,0
1484,0,75484.0,1,696,1159,22,0,1
1485,1,70379.0,1,483,860,29,0,1
1486,0,79419.0,0,7,1631,17,0,1
1487,0,64014.0,3,19,444,29,1,1
1488,0,76998.0,1,534,1910,35,1,1
1489,0,49854.0,1,231,380,24,0,0
1490,0,60585.0,2,370,736,35,1,1
1491,1,42873.0,2,524,269,23,0,0
1492,0,87679.0,0,337,2524,33,4,1
1493,0,57867.0,1,271,612,31,0,1
1494,0,35765.0,1,200,75,14,0,0
1495,0,65492.0,0,154,1045,28,0,1
1496,1,32952.0,1,210,55,13,0,0
1497,0,53374.0,1,682,1064,30,2,1
1498,0,71706.0,1,593,1443,30,0,1
1499,0,68487.0,0,532,1366,34,0,1
1500,0,53253.0,2,503,436,24,0,1
1501,1,31163.0,1,136,38,11,0,0
1502,0,42014.0,1,681,436,28,1,0
1503,0,54108.0,2,601,747,40,0,1
1504,1,49667.0,0,678,1396,30,2,0
1505,0,63206.0,0,101,928,16,1,1
1506,0,57136.0,2,355,642,32,0,1
1507,0,46772.0,1,599,1048,38,1,0
1508,0,78931.0,0,247,943,25,0,1
1509,0,53977.0,1,386,907,32,0,1
1510,0,84219.0,0,147,1198,19,0,1
1511,1,46098.0,2,680,120,19,0,0
1512,0,73538.0,1,581,1658,33,0,1
1513,0,79529.0,0,63,1638,24,0,1
1514,0,20981.0,0,425,73,15,1,0
1515,1,51766.0,1,110,275,17,0,0
1516,0,55759.0,1,578,854,34,0,1
1517,0,33039.0,1,293,78,12,0,0
1518,0,37787.0,1,282,106,15,0,0
1519,1,27242.0,1,595,106,16,1,0
1520,1,87188.0,0,391,1923,22,1,1
1521,0,69930.0,0,399,1662,25,0,1
1522,1,37697.0,1,142,84,13,0,0
1523,0,37401.0,1,54,48,14,0,0
1524,1,3502.0,1,442,5,14,0,0
1525,0,58597.0,2,586,733,39,0,1
1526,1,82032.0,0,85,1234,18,0,1
1527,0,28087.0,2,565,112,16,0,0
1528,1,74004.0,0,125,1658,18,3,1
1529,0,19740.0,1,462,55,12,0,0
1530,0,57036.0,1,565,1513,35,1,1
1531,0,53083.0,2,410,271,24,1,1
1532,0,69283.0,1,15,904,32,0,1
1533,1,46098.0,2,680,120,19,1,0
1534,0,23331.0,1,663,103,16,0,0
1535,1,23331.0,1,632,269,26,0,0
1536,1,9255.0,1,191,22,13,0,0
1537,1,67786.0,0,204,1156,17,1,1
1538,0,71969.0,1,621,1086,27,1,1
1539,1,59235.0,1,533,1128,35,0,1
1540,0,31928.0,1,93,72,16,0,0
1541,0,74881.0,2,478,964,32,0,1
1542,0,65819.0,0,577,1383,23,0,1
1543,1,51411.0,3,399,18,9,0,0
1544,1,51983.0,1,667,793,31,0,0
1545,0,42386.0,1,532,100,15,0,0
1546,0,30390.0,0,300,80,12,0,0
1547,1,30983.0,0,597,167,16,1,0
1548,1,66033.0,1,525,677,27,0,1
1549,0,37284.0,2,457,23,10,0,0
1550,1,57530.0,1,260,92,8,0,1
1551,0,76800.0,0,113,641,17,0,1
1552,0,63943.0,1,665,1106,22,0,1
1553,0,76081.0,0,37,1033,16,1,1
1554,0,67445.0,1,686,1174,38,0,1
1555,0,37054.0,2,287,25,13,0,0
1556,0,47175.0,2,609,240,25,2,0
1557,1,31859.0,1,380,20,11,0,0
1558,1,27215.0,3,522,102,17,0,0
1559,1,70179.0,1,343,1034,31,0,1
1560,0,39922.0,1,500,156,17,0,0
1561,0,49681.0,2,237,458,28,0,0
1562,0,24645.0,1,605,17,12,0,0
1563,1,79865.0,1,11,792,22,0,1
1564,0,44322.0,1,13,92,16,0,0
1565,1,47958.0,1,526,407,21,0,0
1566,1,63972.0,1,574,1269,27,1,1
1567,0,75315.0,1,75,841,25,0,1
1568,0,55517.0,2,640,633,32,1,1
1569,0,75283.0,3,459,1019,29,0,1
1570,1,82800.0,0,582,1315,29,3,1
1571,0,38998.0,2,603,54,16,0,0
1572,1,90638.0,0,136,2525,19,2,1
1573,0,27161.0,1,244,52,12,0,0
1574,0,42014.0,1,681,436,28,1,0
1575,0,38201.0,1,457,268,23,0,0
1576,0,45203.0,2,98,147,14,1,0
1577,0,81574.0,0,62,1798,19,2,1
1578,0,34935.0,0,373,137,15,0,0
1579,1,60482.0,1,522,507,24,0,1
1580,0,34633.0,3,157,15,10,0,0
1581,0,78093.0,0,200,1105,18,0,1
1582,1,82460.0,0,209,974,16,0,1
1583,0,45903.0,1,67,66,12,0,0
1584,1,81361.0,0,124,778,28,1,1
1585,1,35860.0,2,41,49,11,2,0
1586,0,40442.0,2,679,169,19,1,0
1587,0,61482.0,0,2,299,14,0,1
1588,0,34968.0,1,445,221,24,0,0
1589,0,75794.0,0,187,1682,28,1,1
1590,0,31497.0,1,570,155,18,0,0
1591,0,74268.0,0,500,892,15,0,1
1592,0,13724.0,1,667,58,14,1,0
1593,0,45143.0,1,307,311,22,0,0
1594,1,52569.0,1,85,95,10,0,0
1595,1,48432.0,1,619,424,27,1,0
1596,0,17144.0,2,134,47,19,0,0
1597,1,36108.0,1,257,339,24,1,0
1598,0,76445.0,1,639,1410,27,0,1
1599,0,36663.0,1,65,35,8,0,0
1600,0,53843.0,1,367,562,27,0,1
1601,0,90226.0,0,641,2352,26,1,1
1602,1,70638.0,0,393,1334,23,1,1
1603,0,44512.0,2,303,32,10,0,0
1604,0,27116.0,2,119,41,14,0,0
1605,0,54072.0,2,337,39,13,0,1
1606,0,71855.0,1,529,1141,28,0,1
1607,1,51250.0,1,456,710,33,1,0
1608,0,60432.0,1,112,401,25,0,1
1609,0,65526.0,1,79,506,19,0,1
1610,1,68655.0,0,688,1538,24,0,1
1611,0,12393.0,0,572,57,15,0,0
1612,1,64509.0,0,316,1722,23,2,1
1613,1,33955.0,1,324,270,23,0,0
1614,0,31353.0,2,182,31,14,1,0
1615,0,55434.0,1,267,882,28,0,1
1616,0,28359.0,1,245,16,11,0,0
1617,1,57100.0,1,42,311,17,0,1
1618,0,69139.0,1,153,227,15,0,1
1619,0,52973.0,1,598,1152,39,0,1
1620,0,51717.0,1,313,122,15,1,0
1621,0,18793.0,1,533,77,17,0,0
1622,0,66664.0,0,642,1289,22,0,1
1623,1,50664.0,2,529,561,33,0,0
1624,0,54414.0,2,522,211,17,0,1
1625,0,54549.0,1,118,233,19,0,1
1626,1,47111.0,1,659,1092,30,0,0
1627,1,41003.0,0,469,601,23,0,0
1628,0,19444.0,1,127,54,17,1,0
1629,0,36301.0,1,247,78,14,0,0
1630,0,73059.0,1,302,1095,30,0,1
1631,0,42731.0,1,251,244,18,0,0
1632,0,52854.0,2,97,116,14,0,1
1633,0,22775.0,1,375,15,12,0,0
1634,0,46681.0,2,264,425,21,0,0
1635,0,59821.0,1,443,734,34,0,1
1636,1,50002.0,1,377,638,26,0,0
1637,0,69755.0,0,270,894,23,0,1
1638,0,44078.0,2,10,41,12,0,0
1639,0,30560.0,1,367,31,12,0,0
1640,0,35924.0,2,98,34,10,0,0
1641,1,64140.0,2,279,1750,23,4,1
1642,0,56386.0,2,610,612,34,0,1
1643,0,24594.0,1,201,29,10,0,0
1644,0,75774.0,1,58,823,25,0,1
1645,1,39228.0,0,415,20,8,0,0
1646,0,58494.0,1,199,396,22,0,1
1647,1,58684.0,0,13,813,23,1,1
1648,1,57136.0,0,407,1179,26,1,1
1649,1,56551.0,2,53,138,14,0,1
1650,0,22448.0,1,123,55,12,0,0
1651,1,82014.0,0,678,1511,28,1,1
1652,1,34213.0,2,660,117,18,1,0
1653,0,157146.0,0,426,1730,29,0,1
1654,1,25358.0,1,342,32,12,0,0
1655,1,35544.0,1,113,67,13,0,0
1656,0,36634.0,1,397,335,22,0,0
1657,0,62670.0,1,147,825,25,0,1
1658,0,50334.0,1,340,694,29,0,0
1659,1,72066.0,0,6,1792,19,3,1
1660,1,50729.0,2,423,496,30,0,0
1661,0,34916.0,2,410,231,22,0,0
1662,1,64892.0,1,31,902,28,0,1
1663,1,43602.0,2,170,68,15,0,0
1664,1,33996.0,0,291,71,10,0,0
1665,1,41473.0,1,375,76,13,0,0
1666,0,63246.0,2,313,772,26,0,1
1667,0,36732.0,2,182,47,11,0,0
1668,0,69084.0,1,222,1586,33,0,1
1669,0,77766.0,1,492,1529,40,2,1
1670,1,37929.0,0,334,265,20,3,0
1671,0,86610.0,0,297,1603,20,0,1
1672,0,80141.0,0,534,2091,28,2,1
1673,0,72635.0,0,391,981,24,1,1
1674,0,69016.0,1,584,1533,39,0,1
1675,0,20193.0,0,578,82,11,0,0
1676,0,27573.0,1,461,244,22,0,0
1677,1,15862.0,1,367,36,13,0,0
1678,0,49544.0,1,502,404,23,0,0
1679,0,33228.0,1,157,71,13,0,0
1680,0,70440.0,0,264,1572,26,1,1
1681,0,38232.0,2,163,122,16,0,0
1682,0,22554.0,2,603,41,15,0,0
1683,0,23536.0,1,25,10,7,0,0
1684,0,49413.0,1,247,304,18,0,0
1685,0,42231.0,2,96,37,10,0,0
1686,1,78789.0,0,690,1754,18,1,1
1687,0,56534.0,1,341,815,33,3,1
1688,1,58350.0,1,541,1001,33,0,1
1689,1,81217.0,0,345,1157,23,0,1
1690,1,49090.0,1,345,688,28,0,0
1691,1,61787.0,0,358,1319,24,0,1
1692,0,18169.0,1,495,21,12,0,0
1693,1,24336.0,1,671,31,11,0,0
1694,0,18222.0,0,545,67,14,0,0
1695,1,62335.0,1,402,708,23,0,1
1696,0,42033.0,2,648,25,11,0,0
1697,0,86580.0,0,487,746,12,1,1
1698,1,41437.0,2,645,32,12,0,0
1699,1,73705.0,2,116,1695,30,0,1
1700,0,61064.0,1,667,1080,34,0,1
1701,0,38452.0,2,91,72,16,0,0
1702,1,18358.0,1,221,57,17,0,0
1703,0,55012.0,1,100,660,30,0,1
1704,0,9722.0,1,635,103,19,1,0
1705,0,38175.0,1,279,153,18,0,0
1706,0,58656.0,1,647,1220,38,1,1
1707,0,52117.0,1,682,279,20,0,0
1708,0,64813.0,1,178,745,25,0,1
1709,0,54222.0,1,120,264,15,0,1
1710,0,83512.0,0,12,2157,23,5,1
1711,0,77520.0,1,305,1526,27,4,1
1712,0,41154.0,1,446,69,11,0,0
1713,0,80398.0,0,596,1597,29,1,1
1714,1,18746.0,1,31,64,14,0,0
1715,0,35196.0,1,593,497,26,0,0
1716,1,60230.0,1,405,1067,22,0,1
1717,0,22108.0,2,52,31,14,0,0
1718,0,44392.0,2,297,211,21,0,0
1719,0,55424.0,1,581,877,31,2,1
1720,0,17688.0,1,532,11,12,0,0
1721,0,92491.0,0,424,2034,28,4,1
1722,1,90273.0,0,197,1991,21,4,1
1723,1,82571.0,0,88,1686,26,1,1
1724,1,38513.0,1,152,324,25,1,0
1725,1,16653.0,1,72,69,15,1,0
1726,0,42586.0,2,608,252,24,1,0
1727,1,23529.0,1,538,54,11,0,0
1728,0,74881.0,2,478,964,32,0,1
1729,0,71107.0,1,497,1327,32,0,1
1730,0,46910.0,2,98,68,13,0,0
1731,0,18690.0,0,548,60,13,0,0
1732,1,37244.0,2,428,55,12,1,0
1733,0,82427.0,0,109,1456,22,1,1
1734,1,75342.0,1,419,563,22,0,1
1735,1,70044.0,1,496,1504,31,0,1
1736,1,79146.0,2,66,564,25,0,1
1737,0,77437.0,0,215,1125,24,1,1
1738,0,54984.0,1,36,358,24,1,1
1739,0,42403.0,1,200,42,13,0,0
1740,0,55761.0,1,66,184,16,1,1
1741,0,37292.0,1,437,460,27,0,0
1742,1,45576.0,0,32,145,16,1,0
1743,0,70321.0,0,529,1376,29,1,1
1744,1,58086.0,1,525,792,31,0,1
1745,0,81795.0,0,611,1382,25,0,1
1746,0,28389.0,0,586,28,11,0,0
1747,0,66835.0,0,274,1033,26,0,1
1748,1,69901.0,1,396,882,28,0,1
1749,0,80360.0,0,483,2231,17,3,1
1750,0,63342.0,1,621,1101,25,2,1
1751,0,44989.0,1,655,369,22,0,0
1752,1,31859.0,1,122,48,12,0,0
1753,1,51569.0,1,502,467,27,2,0
1754,1,30372.0,2,551,44,15,0,0
1755,1,16014.0,2,469,38,13,0,0
1756,0,41120.0,2,235,81,15,0,0
1757,1,39763.0,1,329,167,19,1,0
1758,0,38725.0,2,50,45,11,0,0
1759,0,77981.0,1,399,664,26,0,1
1760,0,62905.0,1,292,622,24,0,1
1761,1,13533.0,1,476,48,14,0,0
1762,0,59481.0,1,249,461,18,0,1
1763,0,72117.0,1,313,1073,31,0,1
1764,0,21955.0,1,295,55,14,0,0
1765,0,67131.0,1,460,976,32,0,1
1766,1,36802.0,1,13,20,10,0,0
1767,0,71853.0,0,417,1149,18,0,1
1768,0,28249.0,0,14,43,12,0,0
1769,0,47808.0,1,252,224,17,1,0
1770,1,25509.0,1,649,101,18,1,0
1771,0,51012.0,0,437,209,16,0,0
1772,1,70596.0,0,632,968,23,0,1
1773,0,85431.0,0,386,1165,17,0,1
1774,0,42664.0,1,103,24,11,0,0
1775,0,42586.0,2,608,252,24,1,0
1776,1,29760.0,1,669,165,20,0,0
1777,0,28973.0,0,624,269,21,0,0
1778,0,39435.0,1,327,102,14,0,0
1779,0,65370.0,0,332,461,20,0,1
1780,1,20194.0,1,559,47,13,0,0
1781,1,42473.0,2,132,144,15,0,0
1782,0,64590.0,0,623,1338,30,0,1
1783,0,71232.0,1,213,917,32,0,1
1784,0,34600.0,2,544,318,25,1,0
1785,1,46904.0,2,603,253,22,0,0
1786,0,49094.0,1,646,502,26,0,0
1787,0,36075.0,1,202,119,13,0,0
1788,0,60839.0,2,670,1250,37,0,1
1789,0,77298.0,1,239,969,27,0,1
1790,0,34026.0,2,328,76,14,0,0
1791,1,48918.0,2,78,62,11,0,0
1792,0,82122.0,0,318,1382,27,1,1
1793,1,37697.0,1,142,84,13,0,0
1794,0,34074.0,2,351,255,20,1,0
1795,0,28520.0,2,380,43,11,0,0
1796,1,62535.0,1,269,398,17,0,1
1797,1,36273.0,1,74,76,14,0,0
1798,0,63404.0,2,23,902,19,1,1
1799,0,75774.0,1,58,823,25,0,1
1800,0,78416.0,1,2,1179,29,0,1
1801,0,75702.0,1,623,1921,35,1,1
1802,0,59385.0,2,427,185,15,0,1
1803,1,37070.0,2,466,433,30,1,0
1804,0,44689.0,2,170,34,13,1,0
1805,0,53977.0,1,386,907,32,0,1
1806,1,7144.0,2,204,416,25,0,0
1807,1,18701.0,2,390,44,15,0,0
1808,0,90369.0,0,62,1588,18,1,1
1809,1,63159.0,0,601,1797,20,1,1
1810,0,37758.0,2,633,40,14,0,0
1811,1,46757.0,1,590,1143,30,0,0
1812,0,79734.0,0,1,914,15,1,1
1813,0,63207.0,0,525,1502,19,1,1
1814,1,72071.0,1,500,1338,22,0,1
1815,0,21840.0,1,343,27,14,0,0
1816,0,58582.0,1,274,763,27,1,1
1817,1,72282.0,0,345,1331,29,1,1
1818,0,50387.0,2,302,525,24,0,0
1819,0,32583.0,2,14,9,11,0,0
1820,0,62568.0,1,83,953,20,1,1
1821,1,44635.0,2,261,68,14,0,0
1822,1,33316.0,2,268,131,16,0,0
1823,0,63967.0,1,324,882,25,0,1
1824,0,52513.0,0,663,1149,32,0,0
1825,0,25293.0,1,287,37,13,0,0
1826,1,54111.0,1,308,388,20,0,1
1827,0,78394.0,0,499,1428,18,1,1
1828,0,80739.0,0,402,1633,25,0,1
1829,0,22669.0,1,403,173,19,1,0
1830,1,29236.0,1,264,99,18,0,0
1831,0,44911.0,1,471,215,19,0,0
1832,0,54693.0,1,497,929,37,0,1
1833,0,48186.0,1,101,219,19,0,0
1834,0,54809.0,2,291,174,16,1,1
1835,0,41580.0,2,566,92,14,0,0
1836,0,80336.0,0,293,1052,26,0,1
1837,0,47743.0,1,464,275,20,1,0
1838,0,62972.0,1,695,587,22,0,1
1839,1,57333.0,1,645,1662,39,1,1
1840,0,32313.0,1,503,159,20,0,0
1841,1,84953.0,0,391,1024,20,4,1
1842,1,27071.0,1,67,35,13,0,0
1843,0,68148.0,0,302,1042,17,0,1
1844,0,65735.0,2,204,395,26,0,1
1845,0,86836.0,0,655,557,28,4,1
1846,0,4023.0,2,6,9,34,0,0
1847,0,30093.0,0,356,69,13,0,0
1848,0,57705.0,1,169,486,24,0,1
1849,1,25008.0,1,147,34,14,0,0
1850,1,83257.0,0,649,1365,34,3,1
1851,0,22280.0,1,406,13,12,0,0
1852,0,72159.0,0,608,1401,23,0,1
1853,0,64260.0,0,534,1574,17,1,1
1854,1,82733.0,0,292,1323,24,1,1
1855,1,74290.0,1,321,1217,38,2,1
1856,1,58217.0,3,589,103,13,0,1
1857,0,21024.0,0,360,84,14,0,0
1858,0,70116.0,0,519,1536,24,0,1
1859,0,54006.0,1,649,581,25,0,1
1860,0,69063.0,1,599,928,17,0,1
1861,1,11448.0,0,196,14,10,0,0
1862,1,61825.0,1,326,424,19,0,1
1863,0,70886.0,1,258,960,16,0,1
1864,0,69109.0,0,597,1555,24,2,1
1865,1,60208.0,2,630,656,36,2,1
1866,0,32889.0,2,296,55,14,0,0
1867,1,34738.0,1,49,20,11,0,0
1868,0,30538.0,1,636,367,27,0,0
1869,0,82326.0,0,111,2257,24,4,1
1870,1,26642.0,1,120,42,13,0,0
1871,1,69932.0,1,382,1049,30,0,1
1872,1,44503.0,2,74,48,13,0,0
1873,1,60200.0,1,543,685,31,0,1
1874,1,49638.0,1,71,39,7,0,0
1875,1,23830.0,0,142,43,12,0,0
1876,1,33051.0,0,682,835,30,1,0
1877,0,72905.0,0,159,1515,21,1,1
1878,0,69702.0,1,495,1039,30,0,1
1879,1,70300.0,1,349,1596,34,0,1
1880,0,70643.0,0,622,1828,24,1,1
1881,0,30396.0,1,60,34,13,2,0
1882,1,50616.0,1,72,149,17,0,0
1883,1,62772.0,1,406,946,25,1,1
1884,1,30298.0,0,41,28,9,0,0
1885,1,52413.0,1,603,450,24,0,0
1886,0,44155.0,2,161,46,9,0,0
1887,1,86979.0,0,234,1702,18,2,1
1888,0,76532.0,2,293,820,30,0,1
1889,0,42081.0,1,488,382,21,1,0
1890,0,67546.0,0,667,2126,23,0,1
1891,0,88420.0,0,58,2069,21,3,1
1892,0,31158.0,1,518,72,15,0,0
1893,1,61671.0,1,26,732,36,2,1
1894,1,69719.0,0,34,801,12,0,1
1895,1,49160.0,1,252,236,18,0,0
1896,0,24882.0,1,658,80,11,1,0
1897,1,90933.0,0,90,1685,16,1,1
1898,1,113734.0,0,32,277,28,0,1
1899,0,59292.0,1,381,507,21,0,1
1900,0,45759.0,2,491,68,14,0,0
1901,1,22148.0,0,77,49,12,0,0
1902,0,73395.0,0,103,397,17,0,1
1903,1,29819.0,1,248,39,15,0,0
1904,0,45688.0,1,155,306,18,1,0
1905,0,62820.0,0,414,976,15,0,1
1906,0,60491.0,1,296,1028,33,0,1
1907,0,33235.0,1,144,70,14,0,0
1908,0,35701.0,0,467,46,11,0,0
1909,0,31535.0,1,276,51,12,1,0
1910,0,92556.0,0,70,1263,21,0,1
1911,1,67384.0,1,596,1490,27,1,1
1912,0,80573.0,0,623,1564,26,0,1
1913,0,77870.0,1,676,1815,26,3,1
1914,1,52278.0,1,520,1198,39,0,0
1915,1,57107.0,1,674,416,31,3,1
1916,0,18929.0,0,498,85,12,0,0
1917,1,36038.0,1,394,47,14,0,0
1918,1,20180.0,0,494,137,15,0,0
1919,0,34230.0,2,550,21,11,0,0
1920,1,31878.0,1,7,70,9,0,0
1921,0,70932.0,1,161,909,25,0,1
1922,1,91249.0,0,617,1676,26,5,1
1923,1,77598.0,0,271,1735,29,1,1
1924,1,80982.0,2,537,1191,35,0,1
1925,0,22701.0,1,297,24,10,0,0
1926,0,55212.0,1,583,1182,28,2,1
1927,0,70617.0,0,371,1280,16,0,1
1928,1,64849.0,0,593,1336,24,1,1
1929,0,62694.0,2,377,749,31,0,1
1930,0,61917.0,2,221,91,12,0,1
1931,0,67472.0,1,274,414,18,0,1
1932,0,21059.0,1,173,44,15,0,0
1933,0,29543.0,2,89,63,15,0,0
1934,0,75903.0,1,447,901,26,0,1
1935,0,34984.0,2,661,38,13,0,0
1936,1,54998.0,1,476,455,24,1,1
1937,1,54356.0,1,587,775,32,1,1
1938,0,34242.0,1,98,15,9,0,0
1939,0,25410.0,1,302,38,10,0,0
1940,0,73356.0,0,143,1512,24,4,1
1941,0,28320.0,1,531,43,13,0,0
1942,1,23763.0,1,691,42,12,0,0
1943,0,72570.0,0,65,1089,24,0,1
1944,0,34529.0,1,653,162,16,0,0
1945,1,70792.0,0,508,1272,22,0,1
1946,0,63211.0,0,604,1173,22,1,1
1947,0,83891.0,1,9,816,23,0,1
1948,1,36065.0,2,455,74,17,0,0
1949,0,39898.0,1,502,134,16,0,0
1950,1,51141.0,0,356,157,14,0,0
1951,0,56939.0,1,284,561,21,0,1
1952,1,80872.0,0,48,1336,20,0,1
1953,0,72335.0,0,685,2092,31,1,1
1954,1,61798.0,0,218,463,20,0,1
1955,1,76842.0,0,57,1130,17,0,1
1956,0,29478.0,1,163,20,11,0,0
1957,1,46998.0,1,615,377,25,1,0
1958,1,96843.0,0,432,1544,30,2,1
1959,1,56551.0,2,53,138,14,0,1
1960,0,70053.0,1,361,1012,31,0,1
1961,1,71670.0,0,355,1766,21,4,1
1962,0,44359.0,2,12,45,12,0,0
1963,1,40887.0,2,419,161,19,1,0
1964,1,48877.0,1,175,144,15,0,0
1965,0,74485.0,0,309,1734,29,0,1
1966,0,64474.0,1,250,823,27,0,1
1967,0,77226.0,1,121,1138,31,0,1
1968,1,72643.0,0,487,1429,23,2,1
1969,0,85738.0,0,157,1371,22,2,1
1970,1,55686.0,1,500,982,20,1,1
1971,1,39062.0,1,96,44,9,1,0
1972,0,34600.0,2,544,318,25,1,0
1973,0,40794.0,1,448,434,23,0,0
1974,0,54690.0,2,234,198,15,0,1
1975,0,4428.0,1,267,359,26,0,0
1976,0,32632.0,0,696,576,23,0,0
1977,1,38236.0,2,282,88,18,0,0
1978,0,36781.0,1,80,63,14,1,0
1979,1,31385.0,1,571,27,12,2,0
1980,0,24570.0,1,487,193,20,0,0
1981,1,25509.0,1,649,101,18,1,0
1982,0,94642.0,0,137,2211,22,2,1
1983,0,58646.0,1,384,140,12,0,1
1984,1,53201.0,2,502,415,29,0,1
1985,0,21994.0,1,552,22,9,0,0
1986,0,57113.0,2,508,263,23,0,1
1987,0,51373.0,0,372,393,16,0,0
1988,0,23477.0,1,251,147,18,0,0
1989,0,58116.0,1,77,443,18,0,1
1990,1,72968.0,0,195,1958,22,2,1
1991,0,39791.0,1,458,174,17,0,0
1992,1,91712.0,0,255,2217,30,2,1
1993,1,94472.0,1,87,1691,21,2,1
1994,0,13672.0,2,438,25,14,0,0
1995,0,96547.0,0,37,809,23,4,1
1996,0,79205.0,0,669,895,20,2,1
1997,0,56559.0,1,551,484,22,0,1
1998,0,32644.0,1,529,413,26,1,0
1999,1,67506.0,1,178,331,15,0,1
2000,1,24206.0,1,478,25,11,0,0
2001,1,28420.0,1,187,13,10,0,0
2002,0,22979.0,1,661,115,18,1,0
2003,1,33279.0,0,17,16,7,0,0
2004,1,46423.0,2,284,92,16,0,0
2005,0,30368.0,1,234,52,15,0,0
2006,0,63684.0,1,580,1464,28,0,1
2007,1,41638.0,1,501,441,25,1,0
2008,1,68805.0,1,285,283,14,0,1
2009,0,65814.0,1,119,747,28,0,1
2010,1,71964.0,0,405,1870,20,0,1
2011,1,39146.0,1,500,165,19,0,0
2012,0,96876.0,0,327,1941,26,4,1
2013,0,34445.0,0,518,839,36,0,0
2014,1,68281.0,0,691,1655,30,1,1
2015,0,37284.0,2,457,23,10,0,0
2016,0,36790.0,0,485,66,15,1,0
2017,0,27943.0,2,440,37,16,0,0
2018,1,22263.0,2,91,21,12,0,0
2019,0,30261.0,3,642,22,12,0,0
2020,0,28587.0,1,137,78,15,0,0
2021,0,43815.0,1,450,79,12,0,0
2022,0,48195.0,2,159,265,23,0,0
2023,0,77027.0,1,144,1175,23,0,1
2024,0,71322.0,1,498,1305,32,0,1
2025,0,32765.0,1,126,46,13,0,0
2026,0,29672.0,2,474,25,10,0,0
2027,1,23272.0,0,255,46,9,0,0
2028,0,49912.0,1,660,874,34,2,0
2029,0,7500.0,1,697,100,19,0,0
2030,1,68117.0,1,476,930,31,2,1
2031,0,67225.0,1,215,868,28,0,1
2032,0,17649.0,1,229,45,17,0,0
2033,0,55914.0,1,426,1260,36,0,1
2034,0,40059.0,1,274,414,20,1,0
2035,0,60905.0,1,206,392,17,0,1
2036,0,75330.0,2,633,1109,35,0,1
2037,1,60689.0,1,393,639,25,0,1
2038,0,38680.0,1,458,79,13,0,0
2039,0,61416.0,0,506,1665,30,1,1
2040,1,49767.0,0,423,692,22,0,0
2041,1,83273.0,3,642,1392,36,0,1
2042,0,29009.0,1,212,44,13,0,0
2043,0,45057.0,1,210,50,11,0,0
2044,0,37150.0,1,656,467,28,0,0
2045,1,43020.0,1,211,223,18,0,0
2046,0,53154.0,1,20,158,13,0,1
2047,0,65308.0,0,291,1211,32,2,1
2048,1,76467.0,1,681,1575,20,1,1
2049,0,81044.0,0,184,1208,23,0,1
2050,0,32871.0,2,477,43,9,0,0
2051,1,55801.0,2,280,527,28,1,1
2052,1,76320.0,1,7,932,17,0,1
2053,1,36927.0,2,27,71,16,0,0
2054,0,48794.0,2,3,54,9,0,0
2055,1,23478.0,0,467,129,15,0,0
2056,1,71128.0,1,631,1615,34,0,1
2057,1,70179.0,1,343,1034,31,0,1
2058,0,59462.0,1,540,1088,32,0,1
2059,0,51381.5,2,407,721,28,0,0
2060,0,38361.0,1,184,137,17,0,0
2061,1,51381.5,1,394,47,14,0,0
2062,0,70038.0,0,247,1244,19,0,1
2063,0,42554.0,2,533,41,11,0,0
2064,0,67445.0,1,686,1174,38,0,1
2065,1,67046.0,1,539,993,17,0,1
2066,0,42192.0,0,296,100,11,0,0
2067,0,77610.0,1,608,1680,24,0,1
2068,0,31761.0,1,85,98,14,0,0
2069,0,34350.0,1,253,48,12,0,0
2070,0,54591.0,1,328,519,24,0,1
2071,0,71866.0,1,186,715,23,0,1
2072,0,25293.0,1,287,37,13,0,0
2073,1,42000.0,0,535,653,25,1,0
2074,0,69520.0,0,357,1455,26,0,1
2075,1,64713.0,1,142,602,23,1,1
2076,0,27889.0,1,359,26,11,0,0
2077,1,22123.0,0,94,102,12,0,0
2078,0,51381.5,2,483,97,18,0,0
2079,0,51381.5,1,371,207,17,0,0
2080,0,27803.0,1,672,176,17,0,0
2081,1,51381.5,1,254,450,22,0,0
2082,0,51651.0,1,599,433,25,0,0
2083,0,68487.0,0,532,1366,34,0,1
2084,1,51381.5,0,242,1564,23,2,0
2085,0,56796.0,1,498,1001,34,0,1
2086,0,87000.0,0,561,961,20,0,1
2087,0,79823.0,1,90,1518,25,1,1
2088,1,30828.0,1,268,56,11,0,0
2089,0,34109.0,1,235,22,8,0,0
2090,1,53367.0,2,302,400,28,1,1
2091,0,22390.0,0,251,26,11,0,0
2092,0,71322.0,1,58,350,15,0,1
2093,1,79244.0,0,557,1216,23,3,1
2094,0,49912.0,1,660,874,34,2,0
2095,0,48699.0,2,404,40,10,0,0
2096,0,80144.0,0,272,1367,20,0,1
2097,1,54252.0,2,397,264,21,0,1
2098,0,81929.0,1,638,2053,26,3,1
2099,0,76068.0,1,577,1376,16,2,1
2100,0,53204.0,2,101,45,9,0,1
2101,0,67911.0,1,38,976,30,0,1
2102,0,14796.0,1,650,51,15,1,0
2103,0,78128.0,1,130,1264,23,2,1
2104,0,14188.0,0,486,75,13,0,0
2105,0,20425.0,1,608,57,14,0,0
2106,0,58646.0,1,384,140,12,0,1
2107,1,72967.0,1,561,497,24,2,1
2108,0,48150.0,1,386,266,20,0,0
2109,1,82332.0,0,650,2006,23,2,1
2110,1,58275.0,2,392,615,30,0,1
2111,0,44953.0,0,555,1021,30,1,0
2112,0,34587.0,2,44,22,10,0,0
2113,0,43018.0,1,240,133,12,0,0
2114,0,45736.0,1,340,437,26,0,0
2115,0,66476.0,1,207,1013,30,0,1
2116,0,27733.0,1,307,57,14,0,0
2117,0,69805.0,1,159,1038,29,0,1
2118,1,72217.0,0,445,1573,24,0,1
2119,1,25818.0,1,619,28,11,0,0
2120,0,37509.0,1,655,123,16,0,0
2121,0,25176.0,2,323,13,11,0,0
2122,0,43586.0,1,668,132,18,0,0
2123,0,53230.0,1,695,732,28,0,1
2124,0,50116.0,2,9,66,12,1,0
2125,0,84906.0,0,268,1631,26,3,1
2126,0,61286.0,1,331,608,23,0,1
2127,0,82333.0,0,456,1822,20,2,1
2128,0,65220.0,0,664,1282,29,1,1
2129,0,33590.0,3,238,8,11,0,0
2130,1,30992.0,1,433,43,12,0,0
2131,1,72309.0,0,475,1931,23,2,1
2132,0,156924.0,0,304,8,0,0,1
2133,0,16005.0,1,684,103,16,0,0
2134,1,65487.0,0,170,1169,19,0,1
2135,0,58692.0,1,84,395,22,0,1
2136,1,40590.0,2,270,258,21,1,0
2137,1,20587.0,1,49,25,12,0,0
2138,1,62637.0,1,120,185,12,0,1
2139,1,29435.0,2,692,180,20,1,0
2140,1,19346.0,1,150,22,13,0,0
2141,0,35788.0,2,157,44,13,0,0
2142,1,36997.0,2,513,94,17,0,0
2143,0,23539.0,0,121,81,13,0,0
2144,1,65333.0,1,163,798,34,2,1
2145,1,78499.0,0,218,1334,23,2,1
2146,0,29732.0,1,96,38,14,0,0
2147,0,41275.0,3,97,61,16,0,0
2148,0,63516.0,2,358,300,21,0,1
2149,0,42769.0,1,260,88,12,0,0
2150,0,49572.0,2,196,54,14,0,0
2151,0,69209.0,0,650,1782,20,1,1
2152,0,17148.0,1,152,68,19,0,0
2153,1,40590.0,2,270,258,21,1,0
2154,0,30560.0,1,367,31,12,0,0
2155,0,32146.0,1,48,66,14,0,0
2156,1,41713.0,2,61,174,19,0,0
2157,0,34176.0,1,158,28,8,0,0
2158,0,58482.0,1,109,731,28,1,1
2159,1,59686.0,1,155,274,16,0,1
2160,0,60896.0,1,626,1701,32,1,1
2161,0,62994.0,1,117,312,19,0,1
2162,0,47320.0,1,332,414,26,0,0
2163,1,74859.0,0,391,1565,26,1,1
2164,1,15253.0,1,244,29,13,0,0
2165,1,31560.0,1,370,94,16,0,0
2166,1,72071.0,1,500,1338,22,0,1
2167,1,91172.0,0,459,1092,17,5,1
2168,0,90000.0,0,188,1479,19,3,1
2169,1,41967.0,2,218,54,9,0,0
2170,1,69263.0,1,116,568,24,1,1
2171,1,65706.0,0,366,1199,34,4,1
2172,0,60934.0,1,163,873,27,0,1
2173,0,71965.0,1,335,1213,20,0,1
2174,0,65210.0,1,111,731,28,2,1
2175,0,79174.0,0,534,2043,21,3,1
2176,1,81380.0,0,554,1893,19,0,1
2177,1,48432.0,1,619,424,27,0,0
2178,0,52914.0,1,538,575,22,1,1
2179,0,38946.0,1,248,257,17,0,0
2180,0,26067.0,1,237,56,17,0,0
2181,0,44325.0,1,479,542,29,1,0
2182,0,42523.0,0,67,125,9,0,0
2183,1,26487.0,1,405,69,14,0,0
2184,0,53233.0,1,103,40,9,0,1
2185,0,67716.0,1,535,1016,33,1,1
2186,0,76234.0,1,143,907,26,1,1
2187,0,84117.0,0,49,1566,26,1,1
2188,0,65487.0,0,170,1169,19,0,1
2189,0,25224.0,1,105,46,10,0,0
2190,1,89616.0,0,489,1644,27,1,1
2191,1,40851.0,2,493,59,12,0,0
2192,0,27469.0,0,696,17,10,0,0
2193,0,82347.0,0,600,1853,28,3,1
2194,0,73803.0,1,697,1528,28,2,1
2195,1,8820.0,2,464,35,18,0,0
2196,1,43322.0,0,69,141,15,0,0
2197,0,55593.0,1,312,546,23,1,1
2198,0,50501.0,2,376,500,26,2,0
2199,0,37085.0,2,3,61,18,0,0
2200,1,16185.0,1,328,106,16,0,0
2201,1,57731.0,1,583,704,32,0,1
2202,1,48432.0,1,619,424,27,1,0
2203,0,73807.0,1,543,849,25,0,1
2204,0,18929.0,0,498,85,12,0,0
2205,1,35893.0,2,622,199,23,0,0
2206,0,61014.0,1,687,1147,27,0,1
2207,0,32144.0,2,98,54,17,1,0
2208,0,14918.0,1,569,43,11,0,0
2209,1,45146.0,2,349,53,10,0,0
2210,1,41769.0,1,501,521,30,0,0
2211,0,88325.0,0,144,1623,20,0,1
2212,1,38054.0,2,59,45,14,0,0
2213,1,80617.0,0,625,1435,21,0,1
2214,0,5305.0,1,334,32,14,0,0
2215,0,36807.0,2,556,16,10,0,0
2216,0,28427.0,1,465,52,15,0,0
2217,1,82032.0,0,85,1234,18,0,1
2218,0,22775.0,1,375,15,12,0,0
2219,0,40101.0,1,623,415,24,0,0
2220,0,58025.0,1,215,470,22,0,1
2221,1,75777.0,0,360,1438,22,3,1
2222,0,7500.0,1,418,53,18,0,0
2223,0,33562.0,3,4,51,13,0,0
2224,1,57642.0,1,171,679,26,1,1
2225,0,58554.0,2,641,586,29,0,1
2226,0,63777.0,2,462,653,34,0,1
2227,1,57967.0,1,483,468,24,0,1
2228,0,51381.5,0,686,1679,1,1,0
2229,0,24434.0,2,42,50,14,0,0
2230,1,11012.0,1,470,84,18,1,0
2231,1,44802.0,0,677,1049,35,0,0
2232,1,26816.0,0,681,22,8,0,0
2234,0,34421.0,1,363,30,11,0,0
2235,0,61223.0,1,381,1341,23,0,1
2236,0,64014.0,3,19,444,29,1,1
2237,1,56981.0,0,155,1241,25,1,1
2238,0,69245.0,1,156,843,26,0,1
2239,0,52869.0,2,622,172,18,1,1
